User_ID,Registration_Date,Last_Active_Date,User_Location,Customer_Status,Transaction_Type,Number_of_Transactions,Transaction_Amount,Revenue_Generated
PLN-0001,10/11/2022,10/9/2025,Abia,Churned,Cable TV,5,8524,170.48
PLN-0002,3/4/2026,22/4/2026,FCT - Abuja,New,Electricity Bill,4,314629,15731.45
PLN-0003,22/4/2023,10/12/2023,FCT - Abuja,Churned,Merchant Payment,7,7723,154.46
PLN-0004,9/10/2022,25/4/2025,FCT - Abuja,Churned,Betting Funding,7,11649,582.45
PLN-0005,8/11/2023,14/2/2026,Anambra,Active,Savings Deposit,33,288208,14410.4
PLN-0006,3/11/2023,4/4/2024,FCT - Abuja,Churned,Cable TV,2,12903,645.15
PLN-0007,3/4/2026,22/4/2026,Bayelsa,New,POS Withdrawal,2,319484,15974.2
PLN-0008,3/4/2026,7/4/2026,Ekiti,New,P2P Transfer,4,36934,1846.7
PLN-0009,25/5/2024,11/10/2025,Kaduna,At-Risk,Betting Funding,18,121988,6099.4
PLN-0010,16/10/2021,3/3/2026,Yobe,Active,Merchant Payment,35,342357,17117.85
PLN-0011,14/11/2023,25/11/2023,Cross River,Churned,Data Bundle,1,8005,160.1
PLN-0012,4/11/2023,21/1/2026,Rivers,Active,Loan Repayment,40,211477,10573.85
PLN-0013,9/6/2024,2/12/2025,Delta,At-Risk,Merchant Payment,14,62325,3116.25
PLN-0014,7/6/2024,22/10/2025,Zamfara,At-Risk,Electricity Bill,22,77447,3872.35
PLN-0015,25/11/2024,28/3/2026,Borno,Active,Electricity Bill,33,180132,9006.6
PLN-0016,28/1/2025,14/2/2026,Taraba,Active,Loan Disbursement,49,345392,17269.6
PLN-0017,9/4/2023,20/3/2026,Kaduna,Active,Bank Transfer,47,493676,24683.8
PLN-0018,28/8/2022,7/11/2025,FCT - Abuja,At-Risk,Electricity Bill,10,124646,6232.3
PLN-0019,2/9/2024,21/3/2026,Oyo,Active,P2P Transfer,50,256471,12823.55
PLN-0020,17/5/2022,15/12/2025,Nasarawa,At-Risk,Cable TV,27,132056,6602.8
PLN-0021,2/12/2022,21/12/2025,Cross River,At-Risk,Airtime Top-up,21,145175,7258.75
PLN-0022,17/6/2021,21/1/2026,Ebonyi,Active,Internet Service,32,144907,7245.35
PLN-0023,15/2/2023,30/5/2025,Delta,Churned,Airtime Top-up,3,22118,1105.9
PLN-0024,3/4/2026,10/4/2026,Ogun,New,Data Bundle,2,41357,2067.85
PLN-0025,3/4/2026,7/4/2026,Lagos,New,Electricity Bill,2,29951,1497.55
PLN-0026,20/4/2022,28/9/2025,FCT - Abuja,Churned,Savings Deposit,2,23694,1184.7
PLN-0027,3/4/2026,20/4/2026,FCT - Abuja,New,P2P Transfer,2,37000,1850
PLN-0028,3/4/2026,22/4/2026,Cross River,New,Airtime Top-up,4,32350,1617.5
PLN-0029,21/7/2024,7/2/2026,Jigawa,Active,Bank Transfer,41,322077,16103.85
PLN-0030,29/12/2021,14/12/2023,Rivers,Churned,Merchant Payment,2,2486,49.72
PLN-0031,28/6/2023,10/3/2026,FCT - Abuja,Active,Electricity Bill,47,335202,16760.1
PLN-0032,3/4/2026,18/4/2026,Delta,New,Bank Transfer,1,7130,142.6
PLN-0033,20/5/2023,4/3/2026,FCT - Abuja,Active,Data Bundle,35,313078,15653.9
PLN-0034,14/10/2021,14/2/2026,Benue,Active,Electricity Bill,30,304693,15234.65
PLN-0035,12/10/2025,25/10/2025,FCT - Abuja,At-Risk,Bank Transfer,25,50289,2514.45
PLN-0036,15/3/2023,4/8/2025,Oyo,Churned,Loan Disbursement,6,2373,47.46
PLN-0037,29/3/2022,8/8/2025,Anambra,Churned,Cable TV,2,28396,1419.8
PLN-0038,7/9/2023,19/3/2026,Lagos,Active,Bank Transfer,48,229087,11454.35
PLN-0039,30/1/2022,6/3/2024,Enugu,Churned,Airtime Top-up,6,9044,180.88
PLN-0040,25/8/2023,11/10/2025,Akwa Ibom,At-Risk,Bank Transfer,19,89929,4496.45
PLN-0041,20/1/2025,24/10/2025,Oyo,At-Risk,P2P Transfer,13,39602,1980.1
PLN-0042,4/12/2023,27/12/2025,Kano,At-Risk,Cable TV,17,78434,3921.7
PLN-0043,30/3/2023,13/10/2025,Delta,At-Risk,POS Withdrawal,26,31025,1551.25
PLN-0044,26/3/2025,17/3/2026,Adamawa,Active,P2P Transfer,38,160517,8025.85
PLN-0045,18/2/2023,9/12/2025,Imo,At-Risk,Electricity Bill,20,56685,2834.25
PLN-0046,6/2/2024,29/12/2025,FCT - Abuja,At-Risk,Bank Transfer,12,113136,5656.8
PLN-0047,26/10/2021,23/12/2023,Delta,Churned,Data Bundle,5,5794,115.88
PLN-0048,2/4/2023,25/3/2026,Anambra,Active,Bank Transfer,34,393575,19678.75
PLN-0049,19/6/2021,23/2/2026,FCT - Abuja,Active,P2P Transfer,41,120916,6045.8
PLN-0050,7/7/2024,22/1/2026,Niger,Active,P2P Transfer,43,425405,21270.25
PLN-0051,28/4/2023,12/3/2026,Niger,Active,Savings Deposit,43,112995,5649.75
PLN-0052,24/11/2025,22/12/2025,Enugu,At-Risk,Data Bundle,17,64970,3248.5
PLN-0053,29/4/2023,2/2/2026,Kano,Active,Airtime Top-up,37,204633,10231.65
PLN-0054,2/11/2021,14/2/2025,Rivers,Churned,Airtime Top-up,4,1275,25.5
PLN-0055,4/11/2021,27/2/2026,Ogun,Active,Loan Disbursement,41,436321,21816.05
PLN-0056,15/11/2024,1/1/2026,Lagos,At-Risk,POS Withdrawal,13,144955,7247.75
PLN-0057,20/11/2023,22/12/2025,Benue,At-Risk,Electricity Bill,29,86959,4347.95
PLN-0058,3/4/2026,16/4/2026,Lagos,New,Loan Disbursement,2,428619,21430.95
PLN-0059,14/7/2021,19/11/2023,Osun,Churned,Loan Disbursement,4,12434,621.7
PLN-0060,29/11/2023,27/12/2023,Oyo,Churned,Cable TV,2,24084,1204.2
PLN-0061,3/7/2022,7/10/2025,Kano,At-Risk,POS Withdrawal,19,102667,5133.35
PLN-0062,8/5/2021,10/4/2025,Lagos,Churned,Airtime Top-up,5,13806,690.3
PLN-0063,30/8/2023,22/10/2025,Kano,At-Risk,Betting Funding,29,115813,5790.65
PLN-0064,2/3/2023,15/4/2025,Kaduna,Churned,Data Bundle,2,9799,195.98
PLN-0065,3/4/2026,11/4/2026,Lagos,New,Bank Transfer,3,29944,1497.2
PLN-0066,3/4/2026,1/5/2026,Kaduna,New,Airtime Top-up,1,60192,3009.6
PLN-0067,3/4/2021,17/5/2024,Ogun,Churned,Savings Deposit,7,8494,169.88
PLN-0068,3/4/2026,7/4/2026,Plateau,New,Electricity Bill,4,29183,1459.15
PLN-0069,26/10/2023,3/3/2026,Kano,Active,Cable TV,33,339317,16965.85
PLN-0070,2/8/2023,15/11/2024,Kogi,Churned,Data Bundle,8,20575,1028.75
PLN-0071,3/4/2026,2/5/2026,Akwa Ibom,New,Merchant Payment,2,62716,3135.8
PLN-0072,25/10/2023,30/10/2025,Kano,At-Risk,Merchant Payment,25,112149,5607.45
PLN-0073,9/6/2024,20/2/2026,Lagos,Active,Data Bundle,40,383195,19159.75
PLN-0074,18/5/2022,7/3/2026,Delta,Active,Electricity Bill,32,317510,15875.5
PLN-0075,29/3/2025,9/2/2026,Lagos,Active,Loan Repayment,42,406225,20311.25
PLN-0076,12/11/2021,4/6/2024,Rivers,Churned,Savings Deposit,1,12026,601.3
PLN-0077,3/4/2026,27/4/2026,Kano,New,Bank Transfer,2,64493,3224.65
PLN-0078,7/11/2025,3/12/2025,Kano,At-Risk,P2P Transfer,22,124919,6245.95
PLN-0079,13/12/2023,8/9/2025,Lagos,Churned,Cable TV,7,19895,994.75
PLN-0080,7/12/2021,3/2/2026,Rivers,Active,Electricity Bill,35,126363,6318.15
PLN-0081,6/5/2025,17/11/2025,Kano,At-Risk,Loan Disbursement,18,128567,6428.35
PLN-0082,27/5/2024,27/10/2025,Lagos,At-Risk,POS Withdrawal,11,75870,3793.5
PLN-0083,7/3/2022,31/3/2026,Kaduna,Active,P2P Transfer,37,204522,10226.1
PLN-0084,10/5/2023,21/12/2025,FCT - Abuja,At-Risk,Data Bundle,28,58569,2928.45
PLN-0085,16/11/2022,10/6/2025,Lagos,Churned,Data Bundle,3,10692,534.6
PLN-0086,11/11/2021,16/9/2024,Anambra,Churned,Merchant Payment,7,23929,1196.45
PLN-0087,11/8/2021,24/2/2026,Delta,Active,Bank Transfer,49,163467,8173.35
PLN-0088,10/6/2023,28/11/2023,Rivers,Churned,Merchant Payment,6,2759,55.18
PLN-0089,3/4/2026,17/4/2026,Kano,New,Betting Funding,3,60758,3037.9
PLN-0090,3/4/2026,23/4/2026,Abia,New,Airtime Top-up,4,61431,3071.55
PLN-0091,3/4/2026,3/5/2026,FCT - Abuja,New,Data Bundle,1,37059,1852.95
PLN-0092,9/7/2023,12/9/2024,Rivers,Churned,Electricity Bill,6,1440,28.8
PLN-0093,18/3/2023,2/12/2025,Enugu,At-Risk,Airtime Top-up,20,66655,3332.75
PLN-0094,3/10/2022,10/3/2026,Oyo,Active,Savings Deposit,32,226540,11327
PLN-0095,21/3/2022,14/12/2023,Lagos,Churned,Airtime Top-up,8,15185,759.25
PLN-0096,30/1/2024,26/11/2024,Rivers,Churned,Internet Service,6,16007,800.35
PLN-0097,22/12/2021,10/10/2024,FCT - Abuja,Churned,Betting Funding,8,9377,187.54
PLN-0098,26/12/2022,28/10/2025,Oyo,At-Risk,Merchant Payment,15,55105,2755.25
PLN-0099,3/4/2026,23/4/2026,FCT - Abuja,New,Data Bundle,3,13676,683.8
PLN-0100,12/5/2023,6/10/2025,Taraba,At-Risk,Cable TV,27,46591,2329.55
PLN-0101,26/3/2023,29/5/2025,Delta,Churned,Data Bundle,8,3861,77.22
PLN-0102,21/12/2022,12/12/2025,Oyo,At-Risk,Loan Disbursement,11,63092,3154.6
PLN-0103,29/1/2023,26/12/2025,Lagos,At-Risk,Savings Deposit,28,112502,5625.1
PLN-0104,3/4/2026,11/4/2026,Anambra,New,Merchant Payment,1,73647,3682.35
PLN-0105,21/1/2024,27/1/2026,FCT - Abuja,Active,Betting Funding,42,336199,16809.95
PLN-0106,15/3/2025,24/10/2025,Adamawa,At-Risk,POS Withdrawal,29,37894,1894.7
PLN-0107,23/11/2023,7/3/2026,FCT - Abuja,Active,Cable TV,38,446254,22312.7
PLN-0108,29/1/2025,10/2/2026,FCT - Abuja,Active,P2P Transfer,44,461429,23071.45
PLN-0109,7/9/2023,17/10/2023,Niger,Churned,Betting Funding,8,2832,56.64
PLN-0110,2/12/2022,28/11/2023,FCT - Abuja,Churned,Airtime Top-up,4,14430,721.5
PLN-0111,3/7/2022,17/12/2025,Rivers,At-Risk,Merchant Payment,12,37816,1890.8
PLN-0112,22/12/2023,14/12/2024,Rivers,Churned,Data Bundle,8,4574,91.48
PLN-0113,26/7/2022,27/10/2025,Lagos,At-Risk,Electricity Bill,25,87377,4368.85
PLN-0114,13/5/2022,3/12/2025,Ogun,At-Risk,Loan Disbursement,10,41970,2098.5
PLN-0115,22/1/2024,14/9/2025,Oyo,Churned,Cable TV,5,291850,14592.5
PLN-0116,3/4/2026,22/4/2026,Oyo,New,Data Bundle,4,64951,3247.55
PLN-0117,16/3/2025,22/12/2025,Oyo,At-Risk,Betting Funding,15,73228,3661.4
PLN-0118,28/3/2025,26/10/2025,FCT - Abuja,At-Risk,P2P Transfer,11,89614,4480.7
PLN-0119,22/5/2022,27/4/2024,Kano,Churned,P2P Transfer,1,22050,1102.5
PLN-0120,3/12/2023,7/1/2024,Lagos,Churned,Airtime Top-up,8,20993,1049.65
PLN-0121,26/10/2021,26/2/2026,Lagos,Active,Merchant Payment,44,466084,23304.2
PLN-0122,19/9/2021,26/4/2025,Lagos,Churned,Internet Service,5,413904,20695.2
PLN-0123,3/4/2026,7/4/2026,FCT - Abuja,New,Cable TV,2,65823,3291.15
PLN-0124,8/7/2025,4/11/2025,Lagos,At-Risk,P2P Transfer,25,61946,3097.3
PLN-0125,5/1/2024,19/5/2025,Imo,Churned,Data Bundle,2,9552,191.04
PLN-0126,23/12/2022,5/1/2025,Ekiti,Churned,Electricity Bill,1,9768,195.36
PLN-0127,7/10/2021,6/5/2025,Rivers,Churned,Betting Funding,8,18148,907.4
PLN-0128,22/4/2025,24/11/2025,Rivers,At-Risk,Loan Disbursement,16,121422,6071.1
PLN-0129,15/2/2026,11/3/2026,Rivers,At-Risk,Internet Service,25,122435,6121.75
PLN-0130,8/9/2021,8/12/2023,Lagos,Churned,Loan Repayment,3,16730,836.5
PLN-0131,16/4/2023,23/12/2025,Kano,At-Risk,Merchant Payment,24,43069,2153.45
PLN-0132,13/4/2023,13/10/2025,Sokoto,At-Risk,Data Bundle,14,39807,1990.35
PLN-0133,8/11/2023,10/12/2023,Ogun,Churned,Electricity Bill,2,28410,1420.5
PLN-0134,3/4/2026,26/4/2026,FCT - Abuja,New,Cable TV,4,235872,11793.6
PLN-0135,28/1/2024,6/12/2025,Bauchi,At-Risk,Merchant Payment,12,86881,4344.05
PLN-0136,1/1/2022,13/3/2026,FCT - Abuja,Active,Data Bundle,39,229422,11471.1
PLN-0137,3/7/2021,26/1/2026,FCT - Abuja,Active,P2P Transfer,43,396709,19835.45
PLN-0138,31/5/2021,9/9/2024,Lagos,Churned,Data Bundle,4,16807,840.35
PLN-0139,3/9/2025,3/12/2025,Kwara,At-Risk,Betting Funding,10,147821,7391.05
PLN-0140,17/3/2025,6/2/2026,Sokoto,Active,Merchant Payment,41,408056,20402.8
PLN-0141,1/4/2023,27/11/2025,Lagos,At-Risk,Data Bundle,16,80422,4021.1
PLN-0142,26/9/2025,28/11/2025,Kaduna,At-Risk,Airtime Top-up,19,32875,1643.75
PLN-0143,25/3/2024,19/4/2024,Ekiti,Churned,Savings Deposit,1,20370,1018.5
PLN-0144,19/12/2021,12/2/2025,Kaduna,Churned,Cable TV,6,7676,153.52
PLN-0145,9/2/2022,30/11/2023,Kaduna,Churned,Bank Transfer,3,21086,1054.3
PLN-0146,16/4/2022,1/9/2025,Kwara,Churned,Data Bundle,6,24497,1224.85
PLN-0147,5/6/2025,10/12/2025,Taraba,At-Risk,Cable TV,14,133089,6654.45
PLN-0148,3/4/2026,9/4/2026,FCT - Abuja,New,Savings Deposit,3,63656,3182.8
PLN-0149,3/4/2026,6/4/2026,Enugu,New,POS Withdrawal,2,30071,1503.55
PLN-0150,3/4/2026,21/4/2026,Lagos,New,Electricity Bill,3,12336,616.8
PLN-0151,2/4/2024,10/10/2025,Kaduna,At-Risk,Data Bundle,18,106619,5330.95
PLN-0152,28/4/2023,10/6/2024,Delta,Churned,Loan Disbursement,1,20801,1040.05
PLN-0153,12/6/2022,26/3/2026,Rivers,Active,Data Bundle,50,343409,17170.45
PLN-0154,1/4/2024,30/3/2026,FCT - Abuja,Active,Cable TV,39,358277,17913.85
PLN-0155,13/8/2025,18/11/2025,Enugu,At-Risk,Loan Repayment,27,84935,4246.75
PLN-0156,3/9/2022,22/5/2024,FCT - Abuja,Churned,Data Bundle,7,394264,19713.2
PLN-0157,11/1/2023,16/2/2026,Kwara,Active,Merchant Payment,33,459493,22974.65
PLN-0158,12/8/2022,27/2/2026,Edo,Active,Bank Transfer,36,164046,8202.3
PLN-0159,29/3/2023,12/1/2026,Rivers,Active,Internet Service,49,111197,5559.85
PLN-0160,30/1/2024,9/3/2025,FCT - Abuja,Churned,Airtime Top-up,2,27691,1384.55
PLN-0161,3/4/2026,28/4/2026,Yobe,New,Electricity Bill,2,275858,13792.9
PLN-0162,9/8/2023,15/6/2025,Anambra,Churned,Bank Transfer,1,324744,16237.2
PLN-0163,11/2/2024,19/12/2025,Lagos,At-Risk,Electricity Bill,23,98955,4947.75
PLN-0164,25/9/2022,21/10/2025,Osun,At-Risk,Bank Transfer,13,89245,4462.25
PLN-0165,20/8/2023,1/12/2023,Lagos,Churned,Internet Service,5,15509,775.45
PLN-0166,3/4/2026,25/4/2026,Kano,New,Savings Deposit,1,64760,3238
PLN-0167,12/3/2025,17/12/2025,Kaduna,At-Risk,Cable TV,12,46540,2327
PLN-0168,29/8/2023,20/10/2025,Anambra,At-Risk,Bank Transfer,26,68652,3432.6
PLN-0169,30/9/2022,5/12/2023,FCT - Abuja,Churned,Data Bundle,4,14592,729.6
PLN-0170,27/10/2022,12/11/2025,Ogun,At-Risk,Data Bundle,13,70966,3548.3
PLN-0171,24/4/2022,2/2/2026,Lagos,Active,Bank Transfer,32,147828,7391.4
PLN-0172,7/11/2023,25/5/2025,Delta,Churned,Cable TV,1,19717,985.85
PLN-0173,12/3/2024,11/10/2025,Lagos,At-Risk,Airtime Top-up,23,143782,7189.1
PLN-0174,29/9/2024,22/12/2025,Kaduna,At-Risk,Airtime Top-up,28,96507,4825.35
PLN-0175,20/9/2022,22/1/2026,Delta,Active,Savings Deposit,41,160232,8011.6
PLN-0176,3/4/2026,30/4/2026,Enugu,New,Airtime Top-up,1,343272,17163.6
PLN-0177,14/5/2022,4/1/2026,Kaduna,At-Risk,Bank Transfer,15,144014,7200.7
PLN-0178,11/11/2021,4/9/2025,Rivers,Churned,Data Bundle,2,24948,1247.4
PLN-0179,29/7/2021,23/2/2026,Kebbi,Active,P2P Transfer,40,397582,19879.1
PLN-0180,20/6/2022,16/8/2025,Kano,Churned,Cable TV,2,9416,188.32
PLN-0181,21/11/2025,8/12/2025,Lagos,At-Risk,Betting Funding,26,44918,2245.9
PLN-0182,20/5/2021,14/4/2024,Yobe,Churned,P2P Transfer,5,1988,39.76
PLN-0183,19/10/2023,7/3/2026,Lagos,Active,Cable TV,34,233965,11698.25
PLN-0184,13/1/2026,26/1/2026,Delta,At-Risk,Betting Funding,27,122231,6111.55
PLN-0185,8/8/2023,15/11/2025,Jigawa,At-Risk,Cable TV,11,240822,12041.1
PLN-0186,17/5/2021,20/12/2023,Lagos,Churned,Data Bundle,7,9986,199.72
PLN-0187,3/4/2026,18/4/2026,Lagos,New,Data Bundle,3,12051,602.55
PLN-0188,28/1/2024,25/12/2025,Rivers,At-Risk,Data Bundle,22,144101,7205.05
PLN-0189,30/11/2021,28/1/2026,FCT - Abuja,Active,Savings Deposit,50,159782,7989.1
PLN-0190,18/2/2023,14/10/2025,FCT - Abuja,At-Risk,P2P Transfer,14,60968,3048.4
PLN-0191,10/3/2024,10/1/2026,Kaduna,Active,Electricity Bill,32,192875,9643.75
PLN-0192,29/10/2021,20/2/2024,Delta,Churned,Cable TV,8,22819,1140.95
PLN-0193,7/12/2022,2/1/2024,Kano,Churned,Cable TV,6,5446,108.92
PLN-0194,11/3/2023,8/2/2024,Rivers,Churned,Data Bundle,1,12032,601.6
PLN-0195,28/7/2023,26/2/2026,Imo,Active,Betting Funding,32,437990,21899.5
PLN-0196,6/8/2022,19/6/2024,Delta,Churned,Airtime Top-up,1,15236,761.8
PLN-0197,18/12/2023,10/5/2024,Ebonyi,Churned,Merchant Payment,3,2527,50.54
PLN-0198,3/4/2026,20/4/2026,Kano,New,Data Bundle,2,5630,112.6
PLN-0199,6/3/2022,26/4/2025,Rivers,Churned,Betting Funding,6,12717,635.85
PLN-0200,10/2/2022,13/8/2025,Delta,Churned,Data Bundle,6,2659,53.18
PLN-0201,31/3/2025,12/10/2025,Lagos,At-Risk,Betting Funding,29,144462,7223.1
PLN-0202,3/4/2026,24/4/2026,Ondo,New,Airtime Top-up,4,17401,870.05
PLN-0203,11/12/2023,23/11/2025,Osun,At-Risk,Internet Service,14,117833,5891.65
PLN-0204,3/4/2026,24/4/2026,Rivers,New,Airtime Top-up,4,67148,3357.4
PLN-0205,15/3/2023,31/1/2026,Lagos,Active,Airtime Top-up,36,218773,10938.65
PLN-0206,11/6/2021,4/5/2024,Bauchi,Churned,Airtime Top-up,1,22190,1109.5
PLN-0207,12/4/2024,15/12/2025,Kaduna,At-Risk,Loan Repayment,15,138966,6948.3
PLN-0208,21/12/2023,22/8/2025,FCT - Abuja,Churned,Data Bundle,7,12437,621.85
PLN-0209,2/11/2023,8/11/2025,Sokoto,At-Risk,Savings Deposit,17,99993,4999.65
PLN-0210,3/4/2026,15/4/2026,Bayelsa,New,Data Bundle,4,61013,3050.65
PLN-0211,13/7/2025,15/12/2025,Katsina,At-Risk,Bank Transfer,16,135022,6751.1
PLN-0212,23/8/2023,18/11/2025,Oyo,At-Risk,P2P Transfer,27,43446,2172.3
PLN-0213,14/8/2023,14/3/2026,Lagos,Active,Electricity Bill,38,335572,16778.6
PLN-0214,3/4/2026,30/4/2026,Kano,New,Data Bundle,4,46320,2316
PLN-0215,29/8/2024,16/11/2025,Rivers,At-Risk,Bank Transfer,12,79140,3957
PLN-0216,14/6/2023,27/10/2024,Ogun,Churned,Airtime Top-up,3,447702,22385.1
PLN-0217,11/2/2024,3/7/2024,Ekiti,Churned,Electricity Bill,1,313065,15653.25
PLN-0218,8/8/2022,13/4/2024,FCT - Abuja,Churned,Airtime Top-up,7,4143,82.86
PLN-0219,2/2/2023,12/1/2026,Ekiti,Active,Cable TV,49,339659,16982.95
PLN-0220,10/2/2022,28/12/2023,Kano,Churned,Cable TV,4,24045,1202.25
PLN-0221,24/7/2023,9/2/2026,Oyo,Active,Data Bundle,35,448321,22416.05
PLN-0222,3/4/2026,20/4/2026,Lagos,New,Data Bundle,1,51677,2583.85
PLN-0223,15/5/2022,2/1/2026,FCT - Abuja,At-Risk,Betting Funding,21,133352,6667.6
PLN-0224,9/4/2022,19/1/2026,Rivers,Active,Merchant Payment,40,486268,24313.4
PLN-0225,3/4/2026,18/4/2026,Lagos,New,Betting Funding,4,24391,1219.55
PLN-0226,28/1/2024,28/11/2025,Kebbi,At-Risk,Airtime Top-up,16,35741,1787.05
PLN-0227,30/11/2023,15/11/2025,Akwa Ibom,At-Risk,P2P Transfer,27,92049,4602.45
PLN-0228,8/4/2022,29/12/2025,Rivers,At-Risk,Loan Repayment,20,65811,3290.55
PLN-0229,24/4/2023,5/9/2024,Oyo,Churned,Loan Disbursement,6,6621,132.42
PLN-0230,26/8/2021,13/7/2025,Zamfara,Churned,Airtime Top-up,7,3086,61.72
PLN-0231,25/5/2024,22/12/2025,Rivers,At-Risk,Betting Funding,12,72981,3649.05
PLN-0232,16/10/2025,31/10/2025,Anambra,At-Risk,Electricity Bill,21,384842,19242.1
PLN-0233,15/7/2021,8/8/2025,Rivers,Churned,Merchant Payment,2,22493,1124.65
PLN-0234,3/3/2022,4/9/2025,Benue,Churned,Bank Transfer,3,28309,1415.45
PLN-0235,9/9/2021,11/1/2026,Delta,Active,Betting Funding,41,289871,14493.55
PLN-0236,8/1/2023,21/9/2024,Delta,Churned,Electricity Bill,6,15047,752.35
PLN-0237,23/10/2024,13/10/2025,Lagos,At-Risk,P2P Transfer,18,62717,3135.85
PLN-0238,26/8/2023,9/3/2024,Enugu,Churned,Airtime Top-up,2,9077,181.54
PLN-0239,5/12/2023,4/1/2024,Imo,Churned,Data Bundle,8,7059,141.18
PLN-0240,3/4/2026,6/4/2026,Delta,New,Airtime Top-up,3,46037,2301.85
PLN-0241,16/6/2022,15/12/2025,FCT - Abuja,At-Risk,Internet Service,15,134031,6701.55
PLN-0242,9/6/2023,5/2/2025,Delta,Churned,Data Bundle,8,1361,27.22
PLN-0243,3/4/2026,23/4/2026,Zamfara,New,Betting Funding,1,9117,182.34
PLN-0244,8/2/2023,12/8/2024,Kaduna,Churned,Data Bundle,2,4606,92.12
PLN-0245,22/6/2023,18/10/2024,Delta,Churned,Electricity Bill,3,29268,1463.4
PLN-0246,2/10/2022,26/5/2025,Lagos,Churned,Airtime Top-up,7,16977,848.85
PLN-0247,27/10/2023,13/3/2026,FCT - Abuja,Active,POS Withdrawal,35,269167,13458.35
PLN-0248,6/7/2023,19/12/2024,Plateau,Churned,Airtime Top-up,2,8711,174.22
PLN-0249,25/5/2022,15/1/2024,Anambra,Churned,Electricity Bill,2,16968,848.4
PLN-0250,4/5/2022,14/1/2026,Delta,Active,Loan Disbursement,49,277009,13850.45
PLN-0251,5/7/2021,29/3/2026,FCT - Abuja,Active,Betting Funding,50,402394,20119.7
PLN-0252,16/3/2024,4/9/2025,FCT - Abuja,Churned,Loan Repayment,8,29630,1481.5
PLN-0253,28/2/2024,9/10/2025,Ogun,At-Risk,P2P Transfer,22,68985,3449.25
PLN-0254,21/6/2023,6/11/2025,Rivers,At-Risk,Merchant Payment,16,74589,3729.45
PLN-0255,17/8/2022,17/10/2024,Oyo,Churned,Airtime Top-up,7,4784,95.68
PLN-0256,29/7/2024,19/3/2026,Lagos,Active,Airtime Top-up,38,335717,16785.85
PLN-0257,2/6/2024,18/10/2025,Kwara,At-Risk,Savings Deposit,23,62541,3127.05
PLN-0258,3/4/2026,14/4/2026,Oyo,New,Data Bundle,2,21385,1069.25
PLN-0259,3/9/2023,2/1/2026,Sokoto,At-Risk,Airtime Top-up,12,81543,4077.15
PLN-0260,7/2/2023,29/12/2025,Gombe,At-Risk,Betting Funding,19,94866,4743.3
PLN-0261,4/10/2023,3/1/2026,FCT - Abuja,At-Risk,Data Bundle,13,86482,4324.1
PLN-0262,29/6/2022,30/12/2025,FCT - Abuja,At-Risk,Cable TV,22,36705,1835.25
PLN-0263,30/1/2022,29/1/2026,Yobe,Active,Merchant Payment,44,388283,19414.15
PLN-0264,29/4/2021,22/3/2026,Rivers,Active,POS Withdrawal,42,295663,14783.15
PLN-0265,7/1/2024,16/3/2025,Lagos,Churned,Data Bundle,7,220402,11020.1
PLN-0266,28/2/2026,5/3/2026,Rivers,At-Risk,Betting Funding,29,147064,7353.2
PLN-0267,5/2/2023,15/1/2026,Edo,Active,Cable TV,39,411282,20564.1
PLN-0268,26/4/2022,3/12/2024,Ogun,Churned,POS Withdrawal,8,373664,18683.2
PLN-0269,19/3/2023,1/11/2023,Sokoto,Churned,Betting Funding,1,20059,1002.95
PLN-0270,17/6/2023,22/2/2024,Oyo,Churned,Electricity Bill,4,24138,1206.9
PLN-0271,17/3/2023,11/9/2024,Lagos,Churned,Loan Repayment,3,27424,1371.2
PLN-0272,5/10/2023,1/4/2026,Kano,Active,P2P Transfer,44,264465,13223.25
PLN-0273,2/11/2022,18/1/2024,Enugu,Churned,Betting Funding,8,29100,1455
PLN-0274,12/8/2022,10/3/2024,Rivers,Churned,Loan Repayment,6,22199,1109.95
PLN-0275,13/4/2022,28/10/2025,Bayelsa,At-Risk,Merchant Payment,20,101601,5080.05
PLN-0276,22/1/2024,31/1/2024,FCT - Abuja,Churned,Airtime Top-up,8,6800,136
PLN-0277,3/4/2026,28/4/2026,Oyo,New,Data Bundle,3,27668,1383.4
PLN-0278,28/8/2021,29/12/2024,Delta,Churned,Savings Deposit,5,4493,89.86
PLN-0279,1/5/2023,21/11/2025,Rivers,At-Risk,Electricity Bill,14,241434,12071.7
PLN-0280,15/12/2023,4/11/2025,FCT - Abuja,At-Risk,Cable TV,16,56485,2824.25
PLN-0281,8/3/2024,22/12/2025,FCT - Abuja,At-Risk,Betting Funding,29,127110,6355.5
PLN-0282,28/5/2021,22/12/2023,Rivers,Churned,Data Bundle,4,2220,44.4
PLN-0283,29/12/2021,18/5/2025,Lagos,Churned,Cable TV,1,18533,926.65
PLN-0284,3/4/2026,19/4/2026,Kaduna,New,Savings Deposit,2,38149,1907.45
PLN-0285,7/7/2024,20/1/2026,Imo,Active,Bank Transfer,37,380573,19028.65
PLN-0286,3/4/2026,2/5/2026,Rivers,New,Data Bundle,2,5263,105.26
PLN-0287,3/4/2026,3/5/2026,Anambra,New,Loan Disbursement,3,497775,24888.75
PLN-0288,18/9/2023,7/11/2025,Ondo,At-Risk,Loan Disbursement,27,98723,4936.15
PLN-0289,31/5/2023,11/12/2025,Kano,At-Risk,Airtime Top-up,13,73343,3667.15
PLN-0290,28/1/2024,19/2/2026,FCT - Abuja,Active,Betting Funding,39,397680,19884
PLN-0291,2/8/2023,16/8/2024,Kano,Churned,P2P Transfer,7,17384,869.2
PLN-0292,3/4/2026,14/4/2026,FCT - Abuja,New,Betting Funding,2,1395,27.9
PLN-0293,3/4/2026,22/4/2026,Ogun,New,Bank Transfer,1,34782,1739.1
PLN-0294,20/7/2021,23/2/2026,Niger,Active,Loan Repayment,35,312555,15627.75
PLN-0295,25/12/2022,30/10/2023,FCT - Abuja,Churned,Cable TV,2,21429,1071.45
PLN-0296,1/9/2024,17/3/2026,Yobe,Active,Data Bundle,45,180313,9015.65
PLN-0297,3/5/2022,10/6/2024,Akwa Ibom,Churned,Merchant Payment,4,25464,1273.2
PLN-0298,20/1/2025,5/2/2026,Nasarawa,Active,Bank Transfer,46,468976,23448.8
PLN-0299,3/4/2026,20/4/2026,Lagos,New,Merchant Payment,2,75565,3778.25
PLN-0300,24/7/2023,9/10/2025,Lagos,At-Risk,Electricity Bill,16,123967,6198.35
PLN-0301,3/4/2026,8/4/2026,Delta,New,Cable TV,4,60373,3018.65
PLN-0302,7/4/2022,2/1/2026,Adamawa,At-Risk,Cable TV,22,63352,3167.6
PLN-0303,18/9/2023,18/2/2026,Ondo,Active,Bank Transfer,32,383725,19186.25
PLN-0304,3/4/2026,13/4/2026,Bauchi,New,POS Withdrawal,4,24090,1204.5
PLN-0305,6/3/2024,1/8/2024,Jigawa,Churned,Savings Deposit,6,29707,1485.35
PLN-0306,12/4/2025,9/10/2025,Rivers,At-Risk,P2P Transfer,27,47431,2371.55
PLN-0307,29/8/2021,12/4/2024,Ekiti,Churned,Betting Funding,3,24350,1217.5
PLN-0308,3/4/2026,25/4/2026,FCT - Abuja,New,Data Bundle,4,70221,3511.05
PLN-0309,16/2/2025,10/3/2026,Kano,Active,Savings Deposit,33,116891,5844.55
PLN-0310,3/4/2026,3/4/2026,Anambra,New,Data Bundle,2,27511,1375.55
PLN-0311,23/2/2023,17/8/2025,FCT - Abuja,Churned,Airtime Top-up,4,430142,21507.1
PLN-0312,3/4/2026,8/4/2026,Abia,New,Airtime Top-up,3,31192,1559.6
PLN-0313,22/9/2023,17/11/2023,Lagos,Churned,Cable TV,6,8262,165.24
PLN-0314,13/9/2021,24/2/2026,Anambra,Active,Savings Deposit,38,131959,6597.95
PLN-0315,15/5/2021,7/1/2026,Taraba,Active,POS Withdrawal,43,391425,19571.25
PLN-0316,12/11/2022,16/4/2024,Lagos,Churned,Data Bundle,6,23316,1165.8
PLN-0317,14/12/2023,8/6/2024,Imo,Churned,Airtime Top-up,4,28331,1416.55
PLN-0318,21/3/2026,8/4/2026,Lagos,At-Risk,Airtime Top-up,23,84592,4229.6
PLN-0319,2/1/2025,11/1/2026,Lagos,Active,Savings Deposit,32,335817,16790.85
PLN-0320,16/10/2021,28/2/2026,Lagos,Active,Bank Transfer,42,453198,22659.9
PLN-0321,3/4/2026,27/4/2026,Kwara,New,Airtime Top-up,2,63335,3166.75
PLN-0322,3/4/2026,3/5/2026,Akwa Ibom,New,Loan Disbursement,2,15876,793.8
PLN-0323,13/9/2022,10/3/2025,Bayelsa,Churned,Data Bundle,7,8342,166.84
PLN-0324,9/7/2023,3/10/2024,Kebbi,Churned,Data Bundle,5,9070,181.4
PLN-0325,3/4/2026,19/4/2026,Kano,New,Electricity Bill,3,27124,1356.2
PLN-0326,13/2/2024,16/3/2026,Anambra,Active,Savings Deposit,30,236720,11836
PLN-0327,1/2/2025,10/12/2025,Ekiti,At-Risk,Electricity Bill,20,60149,3007.45
PLN-0328,30/10/2022,4/11/2023,Oyo,Churned,Betting Funding,6,8932,178.64
PLN-0329,18/8/2023,21/6/2024,Lagos,Churned,Betting Funding,3,24511,1225.55
PLN-0330,20/9/2022,27/10/2025,Osun,At-Risk,Betting Funding,11,238970,11948.5
PLN-0331,10/11/2021,9/8/2024,Lagos,Churned,Airtime Top-up,3,28108,1405.4
PLN-0332,17/9/2022,4/2/2026,Ogun,Active,Betting Funding,41,131693,6584.65
PLN-0333,26/7/2024,3/11/2025,Kano,At-Risk,Bank Transfer,10,30866,1543.3
PLN-0334,10/8/2021,5/4/2024,Ogun,Churned,Data Bundle,5,1061,21.22
PLN-0335,3/4/2026,7/4/2026,FCT - Abuja,New,Electricity Bill,1,69232,3461.6
PLN-0336,3/4/2026,29/4/2026,Kano,New,Electricity Bill,4,10857,542.85
PLN-0337,3/4/2026,13/4/2026,Rivers,New,Electricity Bill,1,4652,93.04
PLN-0338,11/4/2024,2/4/2026,Kano,Active,Savings Deposit,35,143351,7167.55
PLN-0339,9/5/2021,30/6/2025,Jigawa,Churned,Savings Deposit,1,8028,160.56
PLN-0340,26/9/2024,30/12/2025,Kogi,At-Risk,Cable TV,12,119709,5985.45
PLN-0341,7/6/2021,22/2/2026,Akwa Ibom,Active,Savings Deposit,30,208610,10430.5
PLN-0342,1/10/2022,26/12/2025,Delta,At-Risk,Loan Disbursement,19,51292,2564.6
PLN-0343,4/6/2022,31/3/2024,Lagos,Churned,POS Withdrawal,6,13077,653.85
PLN-0344,31/5/2021,11/5/2024,FCT - Abuja,Churned,P2P Transfer,6,2259,45.18
PLN-0345,11/3/2022,16/1/2024,Kaduna,Churned,Betting Funding,7,25847,1292.35
PLN-0346,8/10/2023,6/12/2025,Kano,At-Risk,Betting Funding,21,102487,5124.35
PLN-0347,13/5/2021,10/7/2025,Lagos,Churned,Airtime Top-up,5,26650,1332.5
PLN-0348,2/8/2025,15/10/2025,Rivers,At-Risk,Bank Transfer,14,126948,6347.4
PLN-0349,3/4/2026,15/4/2026,FCT - Abuja,New,Data Bundle,3,13899,694.95
PLN-0350,7/1/2024,14/8/2024,Delta,Churned,Electricity Bill,2,1360,27.2
PLN-0351,20/11/2023,6/9/2024,Bayelsa,Churned,Betting Funding,1,10063,503.15
PLN-0352,19/5/2021,30/1/2025,Lagos,Churned,Data Bundle,3,22956,1147.8
PLN-0353,9/3/2026,15/3/2026,Oyo,At-Risk,Bank Transfer,23,66170,3308.5
PLN-0354,6/3/2024,4/12/2025,Kano,At-Risk,P2P Transfer,25,107831,5391.55
PLN-0355,29/2/2024,12/2/2026,Jigawa,Active,Electricity Bill,40,425159,21257.95
PLN-0356,10/9/2025,13/10/2025,Anambra,At-Risk,Merchant Payment,29,47842,2392.1
PLN-0357,9/3/2026,22/3/2026,Kaduna,At-Risk,POS Withdrawal,20,68200,3410
PLN-0358,7/11/2022,6/11/2024,Rivers,Churned,Airtime Top-up,7,9684,193.68
PLN-0359,6/2/2024,7/2/2024,Lagos,Churned,Betting Funding,3,22838,1141.9
PLN-0360,3/4/2026,18/4/2026,Borno,New,Data Bundle,3,9564,191.28
PLN-0361,16/4/2024,15/10/2025,Lagos,At-Risk,Electricity Bill,19,61722,3086.1
PLN-0362,10/5/2023,8/11/2025,Delta,At-Risk,POS Withdrawal,29,92814,4640.7
PLN-0363,3/4/2026,21/4/2026,Ebonyi,New,Electricity Bill,1,47624,2381.2
PLN-0364,3/4/2026,28/4/2026,Anambra,New,Electricity Bill,2,47031,2351.55
PLN-0365,1/7/2023,13/12/2023,Borno,Churned,Airtime Top-up,7,25163,1258.15
PLN-0366,2/12/2021,6/3/2026,Anambra,Active,Betting Funding,46,491566,24578.3
PLN-0367,25/8/2025,15/11/2025,Ogun,At-Risk,P2P Transfer,24,131232,6561.6
PLN-0368,3/4/2026,7/4/2026,Lagos,New,Merchant Payment,3,55022,2751.1
PLN-0369,4/10/2021,14/10/2024,FCT - Abuja,Churned,Electricity Bill,5,11741,587.05
PLN-0370,5/7/2022,9/11/2025,Lagos,At-Risk,Merchant Payment,24,71800,3590
PLN-0371,8/7/2024,19/2/2026,Lagos,Active,Internet Service,50,157337,7866.85
PLN-0372,12/10/2022,12/3/2026,Kano,Active,Electricity Bill,47,183957,9197.85
PLN-0373,10/3/2023,31/12/2023,Kano,Churned,Bank Transfer,3,6607,132.14
PLN-0374,15/11/2021,17/3/2025,Lagos,Churned,Airtime Top-up,8,19905,995.25
PLN-0375,10/3/2023,6/10/2025,Katsina,At-Risk,P2P Transfer,12,105674,5283.7
PLN-0376,6/8/2024,7/11/2025,Oyo,At-Risk,POS Withdrawal,13,64387,3219.35
PLN-0377,6/1/2024,16/11/2025,Rivers,At-Risk,Loan Disbursement,29,81451,4072.55
PLN-0378,24/12/2023,16/1/2024,Ogun,Churned,Data Bundle,5,20635,1031.75
PLN-0379,16/12/2022,20/3/2026,Oyo,Active,Electricity Bill,35,295719,14785.95
PLN-0380,15/7/2021,13/2/2026,Delta,Active,Loan Repayment,43,197388,9869.4
PLN-0381,3/4/2026,21/4/2026,FCT - Abuja,New,Merchant Payment,2,64678,3233.9
PLN-0382,14/4/2023,3/10/2024,Ebonyi,Churned,Loan Repayment,1,16379,818.95
PLN-0383,30/8/2022,17/5/2024,Enugu,Churned,Data Bundle,7,22936,1146.8
PLN-0384,7/6/2023,21/1/2026,Lagos,Active,P2P Transfer,30,499012,24950.6
PLN-0385,9/12/2025,28/12/2025,Delta,At-Risk,Airtime Top-up,25,102053,5102.65
PLN-0386,25/9/2022,25/9/2024,Delta,Churned,POS Withdrawal,1,25403,1270.15
PLN-0387,2/9/2024,10/1/2026,Lagos,Active,P2P Transfer,37,256085,12804.25
PLN-0388,3/4/2026,18/4/2026,Abia,New,Cable TV,1,31556,1577.8
PLN-0389,3/4/2026,24/4/2026,Benue,New,Merchant Payment,4,22255,1112.75
PLN-0390,3/4/2026,15/4/2026,Rivers,New,Cable TV,3,78731,3936.55
PLN-0391,21/2/2024,1/12/2025,Lagos,At-Risk,POS Withdrawal,26,147985,7399.25
PLN-0392,28/2/2022,6/8/2025,Enugu,Churned,Airtime Top-up,5,28911,1445.55
PLN-0393,2/1/2023,21/2/2026,Rivers,Active,Bank Transfer,37,499231,24961.55
PLN-0394,12/3/2023,2/1/2024,Kaduna,Churned,Savings Deposit,7,12793,639.65
PLN-0395,17/8/2021,28/1/2026,Rivers,Active,POS Withdrawal,38,464224,23211.2
PLN-0396,10/1/2026,7/2/2026,Kaduna,At-Risk,Merchant Payment,12,125804,6290.2
PLN-0397,3/4/2026,21/4/2026,Edo,New,Data Bundle,4,29051,1452.55
PLN-0398,5/2/2023,29/11/2025,Delta,At-Risk,Electricity Bill,20,101737,5086.85
PLN-0399,27/10/2025,21/11/2025,Benue,At-Risk,Electricity Bill,11,36021,1801.05
PLN-0400,29/2/2024,14/3/2026,FCT - Abuja,Active,Merchant Payment,44,424290,21214.5
PLN-0401,5/8/2023,10/1/2026,Katsina,Active,Bank Transfer,39,183349,9167.45
PLN-0402,19/6/2024,25/12/2025,Lagos,At-Risk,Data Bundle,21,117098,5854.9
PLN-0403,16/7/2024,7/10/2025,Enugu,At-Risk,Bank Transfer,17,86260,4313
PLN-0404,4/12/2023,19/12/2025,Kano,At-Risk,Bank Transfer,28,59647,2982.35
PLN-0405,15/5/2024,20/12/2025,Lagos,At-Risk,Data Bundle,23,120968,6048.4
PLN-0406,17/2/2022,23/6/2025,FCT - Abuja,Churned,Data Bundle,2,10767,538.35
PLN-0407,3/4/2026,8/4/2026,Lagos,New,Cable TV,2,9466,189.32
PLN-0408,11/4/2025,8/12/2025,Kano,At-Risk,Airtime Top-up,14,83963,4198.15
PLN-0409,3/4/2026,28/4/2026,Rivers,New,Data Bundle,1,77776,3888.8
PLN-0410,31/3/2024,25/1/2025,Delta,Churned,Cable TV,5,21622,1081.1
PLN-0411,21/10/2021,29/10/2023,Katsina,Churned,Airtime Top-up,1,28283,1414.15
PLN-0412,22/1/2024,26/3/2025,Benue,Churned,Betting Funding,7,10184,509.2
PLN-0413,8/4/2022,13/2/2026,Anambra,Active,Cable TV,33,226396,11319.8
PLN-0414,3/4/2026,3/5/2026,Ekiti,New,Data Bundle,3,17799,889.95
PLN-0415,29/6/2021,12/4/2025,Anambra,Churned,Bank Transfer,8,25743,1287.15
PLN-0416,8/12/2022,27/3/2026,Enugu,Active,Savings Deposit,42,365609,18280.45
PLN-0417,14/6/2023,14/11/2025,Anambra,At-Risk,Airtime Top-up,12,113956,5697.8
PLN-0418,15/1/2023,31/10/2025,Rivers,At-Risk,Cable TV,16,135914,6795.7
PLN-0419,14/6/2023,10/12/2023,Enugu,Churned,Merchant Payment,2,10663,533.15
PLN-0420,14/4/2021,23/3/2026,Anambra,Active,Airtime Top-up,43,160810,8040.5
PLN-0421,17/6/2023,9/4/2025,Enugu,Churned,Airtime Top-up,2,915,18.3
PLN-0422,3/4/2026,20/4/2026,Adamawa,New,Savings Deposit,3,22384,1119.2
PLN-0423,18/11/2021,7/6/2025,FCT - Abuja,Churned,P2P Transfer,1,11477,573.85
PLN-0424,26/9/2021,23/2/2024,Rivers,Churned,Electricity Bill,2,16757,837.85
PLN-0425,25/7/2022,24/9/2024,Kogi,Churned,Cable TV,3,8859,177.18
PLN-0426,18/8/2023,28/1/2026,Lagos,Active,Bank Transfer,30,123088,6154.4
PLN-0427,29/12/2023,16/12/2025,FCT - Abuja,At-Risk,Airtime Top-up,15,419870,20993.5
PLN-0428,3/4/2026,12/4/2026,Oyo,New,Savings Deposit,1,75412,3770.6
PLN-0429,9/10/2024,27/1/2026,Kano,Active,Airtime Top-up,31,310200,15510
PLN-0430,3/4/2026,6/4/2026,FCT - Abuja,New,Betting Funding,4,1544,30.88
PLN-0431,3/7/2021,30/1/2025,Oyo,Churned,Betting Funding,8,12567,628.35
PLN-0432,15/3/2025,24/1/2026,Lagos,Active,Cable TV,37,414977,20748.85
PLN-0433,18/10/2022,26/10/2023,Gombe,Churned,Betting Funding,1,397276,19863.8
PLN-0434,21/9/2022,26/1/2026,Lagos,Active,Internet Service,37,320104,16005.2
PLN-0435,24/8/2023,2/7/2025,Oyo,Churned,Betting Funding,1,8084,161.68
PLN-0436,18/9/2022,25/12/2025,Kaduna,At-Risk,Data Bundle,28,42527,2126.35
PLN-0437,12/2/2022,3/8/2025,FCT - Abuja,Churned,Airtime Top-up,7,22206,1110.3
PLN-0438,16/10/2022,15/11/2025,FCT - Abuja,At-Risk,POS Withdrawal,20,71688,3584.4
PLN-0439,28/11/2022,19/1/2026,Kano,Active,Airtime Top-up,33,181479,9073.95
PLN-0440,10/5/2021,17/2/2026,FCT - Abuja,Active,Bank Transfer,36,336934,16846.7
PLN-0441,16/8/2021,6/1/2026,Lagos,Active,Loan Disbursement,39,469468,23473.4
PLN-0442,4/10/2023,24/12/2025,Lagos,At-Risk,Airtime Top-up,17,76627,3831.35
PLN-0443,3/4/2026,4/4/2026,Delta,New,P2P Transfer,4,59770,2988.5
PLN-0444,2/8/2022,17/3/2026,Benue,Active,P2P Transfer,33,106268,5313.4
PLN-0445,3/11/2024,11/2/2026,Kaduna,Active,Betting Funding,41,459811,22990.55
PLN-0446,16/1/2025,26/12/2025,Kaduna,At-Risk,Savings Deposit,10,38450,1922.5
PLN-0447,11/9/2024,20/2/2026,Lagos,Active,POS Withdrawal,33,122385,6119.25
PLN-0448,11/12/2023,15/11/2025,Kano,At-Risk,Data Bundle,25,33864,1693.2
PLN-0449,3/4/2026,12/4/2026,Kaduna,New,Data Bundle,4,328862,16443.1
PLN-0450,3/4/2026,5/4/2026,Kano,New,Cable TV,1,37170,1858.5
PLN-0451,11/1/2022,23/1/2025,Rivers,Churned,Electricity Bill,1,13033,651.65
PLN-0452,9/3/2025,24/10/2025,Lagos,At-Risk,Airtime Top-up,26,72153,3607.65
PLN-0453,28/10/2022,27/2/2026,Bauchi,Active,Internet Service,31,347298,17364.9
PLN-0454,3/4/2026,11/4/2026,Borno,New,Betting Funding,2,35434,1771.7
PLN-0455,6/6/2022,23/2/2025,Zamfara,Churned,Airtime Top-up,7,12126,606.3
PLN-0456,13/9/2023,22/2/2026,Osun,Active,Betting Funding,41,384382,19219.1
PLN-0457,1/11/2021,27/3/2025,Oyo,Churned,P2P Transfer,8,18264,913.2
PLN-0458,3/9/2022,6/3/2026,Rivers,Active,Betting Funding,30,376010,18800.5
PLN-0459,3/4/2026,26/4/2026,Lagos,New,Cable TV,2,42913,2145.65
PLN-0460,14/2/2024,20/3/2026,Rivers,Active,POS Withdrawal,46,291307,14565.35
PLN-0461,18/10/2023,23/12/2025,Taraba,At-Risk,Merchant Payment,20,69552,3477.6
PLN-0462,7/5/2023,15/10/2025,Enugu,At-Risk,Cable TV,25,115089,5754.45
PLN-0463,3/4/2026,29/4/2026,Ebonyi,New,Data Bundle,3,29760,1488
PLN-0464,3/10/2021,8/12/2024,Osun,Churned,Loan Repayment,3,6323,126.46
PLN-0465,13/12/2022,24/10/2025,Niger,At-Risk,POS Withdrawal,11,53865,2693.25
PLN-0466,21/6/2022,21/1/2026,Adamawa,Active,P2P Transfer,33,360143,18007.15
PLN-0467,3/4/2026,24/4/2026,FCT - Abuja,New,Airtime Top-up,1,44507,2225.35
PLN-0468,4/2/2022,2/3/2026,Kano,Active,Electricity Bill,33,402342,20117.1
PLN-0469,29/1/2022,10/2/2026,Rivers,Active,Loan Disbursement,45,298554,14927.7
PLN-0470,29/3/2024,19/4/2024,Borno,Churned,Bank Transfer,4,5829,116.58
PLN-0471,23/8/2023,1/3/2026,Kebbi,Active,P2P Transfer,33,138902,6945.1
PLN-0472,21/6/2022,23/3/2026,Kogi,Active,Savings Deposit,40,411443,20572.15
PLN-0473,20/9/2024,13/10/2025,Lagos,At-Risk,P2P Transfer,15,109602,5480.1
PLN-0474,12/11/2021,10/3/2026,Niger,Active,Cable TV,43,465531,23276.55
PLN-0475,9/11/2022,5/12/2024,Delta,Churned,Electricity Bill,4,499772,24988.6
PLN-0476,7/11/2021,3/4/2026,Ogun,Active,Betting Funding,43,145942,7297.1
PLN-0477,1/5/2023,31/3/2026,Taraba,Active,Electricity Bill,36,189565,9478.25
PLN-0478,24/2/2025,12/2/2026,FCT - Abuja,Active,Merchant Payment,45,356427,17821.35
PLN-0479,2/4/2026,1/5/2026,Lagos,At-Risk,Electricity Bill,22,78418,3920.9
PLN-0480,16/4/2024,1/12/2025,Ogun,At-Risk,Bank Transfer,28,38079,1903.95
PLN-0481,16/8/2022,30/3/2024,Delta,Churned,Merchant Payment,7,25287,1264.35
PLN-0482,3/4/2026,21/4/2026,Oyo,New,Bank Transfer,4,75566,3778.3
PLN-0483,3/4/2026,5/4/2026,Kano,New,Loan Repayment,2,16265,813.25
PLN-0484,23/2/2025,7/3/2026,Yobe,Active,Electricity Bill,36,241087,12054.35
PLN-0485,3/4/2026,8/4/2026,Nasarawa,New,Bank Transfer,3,42410,2120.5
PLN-0486,10/3/2026,28/3/2026,Kano,At-Risk,Loan Repayment,20,142279,7113.95
PLN-0487,3/6/2021,6/1/2024,Lagos,Churned,Electricity Bill,7,4187,83.74
PLN-0488,11/10/2022,25/6/2025,Benue,Churned,Merchant Payment,2,18938,946.9
PLN-0489,3/4/2026,17/4/2026,Delta,New,Data Bundle,3,50706,2535.3
PLN-0490,13/12/2021,11/2/2026,Ogun,Active,Bank Transfer,34,424138,21206.9
PLN-0491,3/4/2026,26/4/2026,Niger,New,Savings Deposit,2,6960,139.2
PLN-0492,14/8/2024,24/2/2026,Imo,Active,Merchant Payment,39,246982,12349.1
PLN-0493,3/4/2026,8/4/2026,Rivers,New,Betting Funding,3,58579,2928.95
PLN-0494,23/8/2022,6/7/2025,Edo,Churned,Betting Funding,4,14974,748.7
PLN-0495,24/4/2021,18/9/2024,Lagos,Churned,Betting Funding,1,17384,869.2
PLN-0496,25/4/2023,29/10/2025,Katsina,At-Risk,Airtime Top-up,28,33794,1689.7
PLN-0497,18/11/2023,30/3/2026,Enugu,Active,Airtime Top-up,44,126507,6325.35
PLN-0498,3/4/2026,16/4/2026,Oyo,New,Data Bundle,1,4505,90.1
PLN-0499,3/4/2026,22/4/2026,Kogi,New,Betting Funding,3,45621,2281.05
PLN-0500,21/10/2021,18/12/2024,Imo,Churned,Cable TV,1,312364,15618.2
PLN-0501,26/7/2023,3/1/2025,Oyo,Churned,Airtime Top-up,7,204665,10233.25
PLN-0502,17/5/2023,2/4/2026,Osun,Active,Savings Deposit,37,232325,11616.25
PLN-0503,7/10/2022,28/12/2024,Rivers,Churned,Airtime Top-up,7,29843,1492.15
PLN-0504,4/8/2022,10/10/2025,Anambra,At-Risk,Bank Transfer,26,138044,6902.2
PLN-0505,3/4/2026,30/4/2026,Anambra,New,Airtime Top-up,3,74091,3704.55
PLN-0506,29/9/2024,26/3/2026,Jigawa,Active,P2P Transfer,40,244956,12247.8
PLN-0507,24/9/2021,8/12/2023,Bauchi,Churned,Savings Deposit,5,6672,133.44
PLN-0508,3/4/2026,29/4/2026,Enugu,New,Cable TV,4,42388,2119.4
PLN-0509,3/4/2026,3/5/2026,Lagos,New,Cable TV,4,53531,2676.55
PLN-0510,12/10/2022,25/3/2025,Ogun,Churned,Cable TV,6,24307,1215.35
PLN-0511,21/12/2024,11/10/2025,Lagos,At-Risk,Betting Funding,21,96494,4824.7
PLN-0512,11/5/2023,9/12/2024,FCT - Abuja,Churned,Merchant Payment,2,15926,796.3
PLN-0513,4/8/2022,1/4/2025,Rivers,Churned,Betting Funding,6,21944,1097.2
PLN-0514,27/2/2023,23/11/2025,Kano,At-Risk,P2P Transfer,21,64152,3207.6
PLN-0515,16/10/2021,12/1/2026,Lagos,Active,Loan Repayment,48,404251,20212.55
PLN-0516,15/2/2022,8/11/2023,Lagos,Churned,Merchant Payment,7,17861,893.05
PLN-0517,25/2/2024,9/3/2026,Kogi,Active,Internet Service,40,314534,15726.7
PLN-0518,9/2/2025,11/3/2026,Yobe,Active,Airtime Top-up,32,355632,17781.6
PLN-0519,27/8/2022,5/2/2026,Lagos,Active,Savings Deposit,38,209776,10488.8
PLN-0520,14/5/2023,24/12/2025,Kano,At-Risk,Electricity Bill,14,110541,5527.05
PLN-0521,6/8/2025,4/1/2026,Rivers,At-Risk,Bank Transfer,11,99963,4998.15
PLN-0522,2/9/2022,29/10/2025,Kaduna,At-Risk,Airtime Top-up,16,32348,1617.4
PLN-0523,3/12/2022,18/10/2024,Oyo,Churned,Data Bundle,5,4724,94.48
PLN-0524,29/11/2023,29/3/2026,Oyo,Active,Cable TV,39,252477,12623.85
PLN-0525,12/1/2026,17/1/2026,Akwa Ibom,At-Risk,P2P Transfer,20,148146,7407.3
PLN-0526,3/4/2026,16/4/2026,Yobe,New,Airtime Top-up,1,30439,1521.95
PLN-0527,6/1/2023,29/1/2026,Kaduna,Active,Bank Transfer,35,164572,8228.6
PLN-0528,3/4/2026,28/4/2026,Ogun,New,Cable TV,1,78346,3917.3
PLN-0529,8/1/2022,5/1/2026,Lagos,Active,P2P Transfer,33,318510,15925.5
PLN-0530,25/2/2022,9/3/2025,Lagos,Churned,Electricity Bill,1,10366,518.3
PLN-0531,23/8/2023,19/10/2023,Lagos,Churned,Betting Funding,3,14224,711.2
PLN-0532,9/11/2024,20/3/2026,FCT - Abuja,Active,P2P Transfer,33,360958,18047.9
PLN-0533,28/6/2021,13/3/2025,Lagos,Churned,Electricity Bill,6,23550,1177.5
PLN-0534,3/4/2026,3/5/2026,Lagos,New,P2P Transfer,4,43832,2191.6
PLN-0535,16/7/2024,20/1/2026,Bayelsa,Active,Bank Transfer,45,178194,8909.7
PLN-0536,14/1/2023,16/1/2025,FCT - Abuja,Churned,Data Bundle,4,15466,773.3
PLN-0537,16/1/2025,12/3/2026,Ogun,Active,Electricity Bill,31,252340,12617
PLN-0538,4/8/2023,29/3/2026,Lagos,Active,Data Bundle,30,172558,8627.9
PLN-0539,31/7/2023,17/10/2025,Rivers,At-Risk,Data Bundle,18,145143,7257.15
PLN-0540,17/3/2023,11/2/2026,Ogun,Active,Electricity Bill,44,242518,12125.9
PLN-0541,20/8/2024,14/12/2025,Lagos,At-Risk,POS Withdrawal,13,47368,2368.4
PLN-0542,10/11/2021,9/2/2026,Ogun,Active,P2P Transfer,48,353060,17653
PLN-0543,16/5/2024,20/11/2025,Katsina,At-Risk,Merchant Payment,29,33777,1688.85
PLN-0544,3/4/2026,3/5/2026,Kano,New,Bank Transfer,4,15302,765.1
PLN-0545,16/7/2021,23/9/2025,Oyo,Churned,Cable TV,4,22449,1122.45
PLN-0546,28/7/2021,19/7/2024,Ogun,Churned,Data Bundle,4,16291,814.55
PLN-0547,3/4/2026,2/5/2026,Lagos,New,Merchant Payment,1,2026,40.52
PLN-0548,3/4/2026,9/4/2026,Rivers,New,Airtime Top-up,1,64941,3247.05
PLN-0549,4/6/2022,21/3/2024,Lagos,Churned,Data Bundle,7,13714,685.7
PLN-0550,7/12/2021,7/7/2025,Yobe,Churned,Betting Funding,8,15149,757.45
PLN-0551,9/10/2023,11/2/2026,Lagos,Active,Bank Transfer,43,118786,5939.3
PLN-0552,22/11/2022,11/1/2024,FCT - Abuja,Churned,Cable TV,5,29667,1483.35
PLN-0553,3/4/2026,30/4/2026,Rivers,New,Betting Funding,1,29718,1485.9
PLN-0554,30/5/2021,3/12/2023,Lagos,Churned,Cable TV,6,23959,1197.95
PLN-0555,13/2/2023,17/2/2026,Rivers,Active,Bank Transfer,50,253083,12654.15
PLN-0556,3/4/2026,8/4/2026,FCT - Abuja,New,P2P Transfer,4,14519,725.95
PLN-0557,3/4/2026,18/4/2026,Kano,New,Loan Disbursement,2,44793,2239.65
PLN-0558,3/4/2026,7/4/2026,Plateau,New,P2P Transfer,4,60450,3022.5
PLN-0559,10/4/2023,29/10/2025,Ekiti,At-Risk,Electricity Bill,11,102512,5125.6
PLN-0560,11/2/2022,7/4/2025,Lagos,Churned,Cable TV,3,24436,1221.8
PLN-0561,10/9/2022,10/11/2024,Nasarawa,Churned,Betting Funding,7,14218,710.9
PLN-0562,20/7/2025,22/11/2025,Lagos,At-Risk,Betting Funding,19,89355,4467.75
PLN-0563,3/4/2026,13/4/2026,FCT - Abuja,New,Electricity Bill,3,73059,3652.95
PLN-0564,10/1/2024,21/11/2025,Plateau,At-Risk,Electricity Bill,14,123113,6155.65
PLN-0565,10/5/2021,9/11/2024,Oyo,Churned,Electricity Bill,2,25429,1271.45
PLN-0566,28/5/2021,4/8/2024,Cross River,Churned,Electricity Bill,5,29253,1462.65
PLN-0567,11/7/2024,16/3/2026,FCT - Abuja,Active,Savings Deposit,31,451406,22570.3
PLN-0568,3/4/2026,12/4/2026,FCT - Abuja,New,Betting Funding,2,8630,172.6
PLN-0569,10/10/2024,5/2/2026,Abia,Active,Loan Disbursement,33,423018,21150.9
PLN-0570,29/8/2023,10/3/2024,Borno,Churned,Cable TV,7,8285,165.7
PLN-0571,20/2/2024,18/8/2025,Benue,Churned,Cable TV,7,13199,659.95
PLN-0572,3/4/2026,4/4/2026,Benue,New,Savings Deposit,3,27119,1355.95
PLN-0573,3/4/2026,24/4/2026,Anambra,New,Betting Funding,3,77620,3881
PLN-0574,3/4/2026,18/4/2026,Lagos,New,Electricity Bill,2,10260,513
PLN-0575,24/12/2025,2/1/2026,Anambra,At-Risk,Airtime Top-up,27,64634,3231.7
PLN-0576,30/7/2022,6/10/2025,Rivers,At-Risk,Bank Transfer,14,35235,1761.75
PLN-0577,3/4/2026,30/4/2026,Delta,New,Bank Transfer,3,64797,3239.85
PLN-0578,25/2/2022,15/4/2024,Benue,Churned,Airtime Top-up,4,6525,130.5
PLN-0579,8/8/2023,18/8/2024,FCT - Abuja,Churned,Data Bundle,2,11949,597.45
PLN-0580,14/6/2022,8/12/2025,Delta,At-Risk,Savings Deposit,29,99533,4976.65
PLN-0581,21/7/2021,10/6/2025,Kaduna,Churned,Loan Disbursement,6,15103,755.15
PLN-0582,23/6/2021,29/3/2026,Osun,Active,Data Bundle,40,299949,14997.45
PLN-0583,4/11/2021,20/12/2024,Rivers,Churned,Merchant Payment,1,17436,871.8
PLN-0584,28/11/2025,30/12/2025,Rivers,At-Risk,Bank Transfer,19,147739,7386.95
PLN-0585,29/11/2021,25/1/2026,FCT - Abuja,Active,Merchant Payment,47,103843,5192.15
PLN-0586,13/6/2022,6/1/2026,Edo,Active,Loan Repayment,43,154487,7724.35
PLN-0587,29/1/2024,17/7/2024,Lagos,Churned,Betting Funding,2,24974,1248.7
PLN-0588,22/1/2022,25/3/2026,Delta,Active,Betting Funding,31,193319,9665.95
PLN-0589,22/9/2024,1/3/2026,Kano,Active,Airtime Top-up,43,303440,15172
PLN-0590,13/11/2024,20/12/2025,Anambra,At-Risk,Savings Deposit,27,30773,1538.65
PLN-0591,17/8/2021,19/10/2023,Lagos,Churned,Betting Funding,2,12221,611.05
PLN-0592,20/1/2024,24/12/2025,Rivers,At-Risk,Loan Disbursement,19,130306,6515.3
PLN-0593,11/10/2024,14/3/2026,Rivers,Active,Savings Deposit,47,215272,10763.6
PLN-0594,4/3/2022,26/12/2023,Nasarawa,Churned,Betting Funding,3,10266,513.3
PLN-0595,25/12/2023,18/9/2024,Lagos,Churned,Bank Transfer,1,18637,931.85
PLN-0596,18/11/2023,28/8/2024,Adamawa,Churned,Betting Funding,2,10484,524.2
PLN-0597,1/10/2023,11/1/2026,FCT - Abuja,Active,Loan Disbursement,46,174687,8734.35
PLN-0598,17/3/2024,11/3/2026,Ondo,Active,Internet Service,48,128515,6425.75
PLN-0599,13/12/2022,26/10/2025,FCT - Abuja,At-Risk,P2P Transfer,12,68096,3404.8
PLN-0600,6/2/2024,1/11/2024,FCT - Abuja,Churned,Airtime Top-up,6,4701,94.02
PLN-0601,27/12/2021,10/3/2026,Anambra,Active,Airtime Top-up,40,354731,17736.55
PLN-0602,2/4/2024,21/4/2024,Kano,Churned,Bank Transfer,6,26966,1348.3
PLN-0603,13/9/2024,6/3/2026,Rivers,Active,Merchant Payment,50,328654,16432.7
PLN-0604,22/9/2023,4/11/2025,Rivers,At-Risk,Cable TV,24,88373,4418.65
PLN-0605,29/6/2023,16/1/2026,Lagos,Active,Cable TV,32,247123,12356.15
PLN-0606,16/2/2023,16/10/2025,Lagos,At-Risk,Electricity Bill,12,125345,6267.25
PLN-0607,5/10/2024,19/1/2026,FCT - Abuja,Active,Bank Transfer,48,312407,15620.35
PLN-0608,1/2/2025,27/10/2025,Rivers,At-Risk,Airtime Top-up,25,115709,5785.45
PLN-0609,12/8/2023,12/12/2024,Lagos,Churned,Data Bundle,3,15727,786.35
PLN-0610,16/9/2023,4/3/2026,Oyo,Active,Electricity Bill,49,458697,22934.85
PLN-0611,30/5/2023,21/1/2026,Ondo,Active,Bank Transfer,34,485833,24291.65
PLN-0612,1/8/2021,10/2/2025,Lagos,Churned,Airtime Top-up,2,9162,183.24
PLN-0613,3/4/2026,16/4/2026,Lagos,New,Cable TV,4,60091,3004.55
PLN-0614,15/11/2021,27/1/2026,FCT - Abuja,Active,Cable TV,50,243390,12169.5
PLN-0615,14/6/2022,10/1/2026,Kogi,Active,Bank Transfer,42,291520,14576
PLN-0616,11/7/2023,7/12/2025,Jigawa,At-Risk,Electricity Bill,26,83194,4159.7
PLN-0617,6/7/2022,19/10/2025,Kano,At-Risk,Airtime Top-up,10,95776,4788.8
PLN-0618,14/9/2023,22/12/2024,Rivers,Churned,Betting Funding,4,5423,108.46
PLN-0619,3/12/2023,5/3/2026,Oyo,Active,Electricity Bill,43,273132,13656.6
PLN-0620,14/2/2024,14/3/2026,Lagos,Active,Betting Funding,50,222620,11131
PLN-0621,18/2/2022,28/1/2026,Lagos,Active,POS Withdrawal,31,400033,20001.65
PLN-0622,23/3/2023,16/8/2024,Ogun,Churned,Airtime Top-up,1,29286,1464.3
PLN-0623,11/8/2022,5/2/2026,Lagos,Active,Loan Disbursement,49,347156,17357.8
PLN-0624,15/4/2023,17/2/2024,FCT - Abuja,Churned,Betting Funding,3,20921,1046.05
PLN-0625,3/10/2023,7/11/2025,Rivers,At-Risk,P2P Transfer,29,107410,5370.5
PLN-0626,25/7/2024,27/1/2026,Lagos,Active,Bank Transfer,46,458805,22940.25
PLN-0627,10/8/2022,18/10/2025,Delta,At-Risk,Savings Deposit,29,35116,1755.8
PLN-0628,1/1/2025,9/1/2026,Lagos,Active,POS Withdrawal,34,416394,20819.7
PLN-0629,19/1/2023,21/7/2024,Ogun,Churned,Data Bundle,7,12636,631.8
PLN-0630,3/4/2026,29/4/2026,Adamawa,New,Betting Funding,4,46443,2322.15
PLN-0631,25/1/2022,27/6/2025,Bauchi,Churned,Loan Disbursement,7,4887,97.74
PLN-0632,2/7/2022,17/1/2026,Lagos,Active,Savings Deposit,47,314248,15712.4
PLN-0633,23/4/2024,27/1/2026,Ogun,Active,Airtime Top-up,33,307698,15384.9
PLN-0634,20/12/2024,16/12/2025,FCT - Abuja,At-Risk,Cable TV,23,115403,5770.15
PLN-0635,24/7/2021,18/1/2024,FCT - Abuja,Churned,Electricity Bill,5,22802,1140.1
PLN-0636,23/2/2023,5/4/2025,FCT - Abuja,Churned,Data Bundle,6,18820,941
PLN-0637,27/5/2022,6/10/2025,Jigawa,At-Risk,P2P Transfer,22,126440,6322
PLN-0638,12/7/2024,14/3/2026,Benue,Active,Savings Deposit,33,212437,10621.85
PLN-0639,27/11/2023,20/12/2023,Kaduna,Churned,Merchant Payment,1,5767,115.34
PLN-0640,3/4/2026,3/5/2026,FCT - Abuja,New,P2P Transfer,4,12052,602.6
PLN-0641,18/4/2023,13/2/2026,FCT - Abuja,Active,Internet Service,42,421894,21094.7
PLN-0642,24/10/2021,12/3/2026,FCT - Abuja,Active,Merchant Payment,50,359191,17959.55
PLN-0643,3/4/2026,10/4/2026,Ogun,New,Electricity Bill,1,79079,3953.95
PLN-0644,7/12/2021,2/10/2024,Lagos,Churned,Airtime Top-up,4,282546,14127.3
PLN-0645,17/7/2022,11/10/2025,Oyo,At-Risk,Merchant Payment,22,83143,4157.15
PLN-0646,21/8/2023,23/3/2026,Delta,Active,Betting Funding,47,249156,12457.8
PLN-0647,7/9/2025,30/11/2025,Kano,At-Risk,Data Bundle,17,109477,5473.85
PLN-0648,17/2/2023,12/3/2026,Lagos,Active,Airtime Top-up,43,365414,18270.7
PLN-0649,3/4/2026,20/4/2026,Delta,New,Cable TV,3,71004,3550.2
PLN-0650,3/4/2026,19/4/2026,Kano,New,Data Bundle,2,45020,2251
PLN-0651,6/3/2024,7/9/2025,Rivers,Churned,Betting Funding,8,4309,86.18
PLN-0652,10/6/2023,5/3/2026,Oyo,Active,Bank Transfer,40,316229,15811.45
PLN-0653,3/4/2026,13/4/2026,Edo,New,Bank Transfer,1,52788,2639.4
PLN-0654,3/4/2026,14/4/2026,FCT - Abuja,New,Loan Repayment,3,29147,1457.35
PLN-0655,21/2/2023,25/3/2025,Abia,Churned,Merchant Payment,8,24653,1232.65
PLN-0656,6/5/2024,9/3/2026,Bayelsa,Active,Bank Transfer,37,424322,21216.1
PLN-0657,29/4/2023,9/1/2026,Plateau,Active,Loan Disbursement,45,483888,24194.4
PLN-0658,11/2/2026,27/2/2026,FCT - Abuja,At-Risk,Savings Deposit,28,143871,7193.55
PLN-0659,7/4/2023,24/8/2024,Lagos,Churned,Betting Funding,4,25081,1254.05
PLN-0660,26/2/2024,27/10/2025,Jigawa,At-Risk,Savings Deposit,11,95860,4793
PLN-0661,9/6/2025,20/12/2025,Lagos,At-Risk,Betting Funding,26,90302,4515.1
PLN-0662,4/5/2023,23/12/2025,FCT - Abuja,At-Risk,Cable TV,20,77395,3869.75
PLN-0663,9/11/2022,2/2/2026,Oyo,Active,P2P Transfer,49,279881,13994.05
PLN-0664,8/12/2023,19/9/2024,Kano,Churned,Electricity Bill,6,28494,1424.7
PLN-0665,3/4/2026,11/4/2026,Delta,New,Merchant Payment,1,35882,1794.1
PLN-0666,8/6/2024,15/3/2026,Oyo,Active,Internet Service,45,105107,5255.35
PLN-0667,3/4/2026,21/4/2026,Delta,New,Electricity Bill,3,64282,3214.1
PLN-0668,20/1/2025,8/10/2025,FCT - Abuja,At-Risk,Loan Disbursement,15,37869,1893.45
PLN-0669,8/7/2023,20/2/2026,Delta,Active,Savings Deposit,38,289248,14462.4
PLN-0670,21/12/2024,13/11/2025,Sokoto,At-Risk,P2P Transfer,13,76018,3800.9
PLN-0671,27/3/2023,11/12/2023,Rivers,Churned,Electricity Bill,3,26069,1303.45
PLN-0672,23/3/2024,5/7/2024,Kano,Churned,Loan Repayment,2,12986,649.3
PLN-0673,3/4/2026,29/4/2026,Delta,New,Merchant Payment,3,55788,2789.4
PLN-0674,5/11/2024,14/3/2026,Kaduna,Active,Savings Deposit,40,219651,10982.55
PLN-0675,5/5/2021,27/8/2024,Jigawa,Churned,Data Bundle,5,29587,1479.35
PLN-0676,9/2/2023,1/7/2024,Lagos,Churned,Betting Funding,7,5982,119.64
PLN-0677,30/12/2022,19/10/2023,Lagos,Churned,P2P Transfer,2,7400,148
PLN-0678,3/4/2026,5/4/2026,Zamfara,New,P2P Transfer,1,52537,2626.85
PLN-0679,26/9/2021,11/7/2025,Abia,Churned,Data Bundle,7,10637,531.85
PLN-0680,5/6/2023,26/1/2026,Jigawa,Active,Airtime Top-up,35,387087,19354.35
PLN-0681,11/2/2024,27/10/2025,Sokoto,At-Risk,Merchant Payment,18,101898,5094.9
PLN-0682,24/6/2023,17/1/2026,Katsina,Active,Electricity Bill,44,430850,21542.5
PLN-0683,11/4/2021,7/4/2024,FCT - Abuja,Churned,P2P Transfer,5,11876,593.8
PLN-0684,13/2/2023,13/11/2025,Lagos,At-Risk,Savings Deposit,18,50410,2520.5
PLN-0685,3/4/2026,13/4/2026,Osun,New,Data Bundle,4,457913,22895.65
PLN-0686,9/4/2022,7/2/2026,Lagos,Active,Data Bundle,39,413001,20650.05
PLN-0687,4/3/2025,25/10/2025,Enugu,At-Risk,Betting Funding,23,81740,4087
PLN-0688,3/4/2026,12/4/2026,Oyo,New,Merchant Payment,1,55843,2792.15
PLN-0689,30/12/2023,21/1/2024,Delta,Churned,Airtime Top-up,5,9828,196.56
PLN-0690,6/2/2022,26/3/2026,Kaduna,Active,Betting Funding,35,171630,8581.5
PLN-0691,13/8/2024,17/10/2025,Lagos,At-Risk,POS Withdrawal,25,54613,2730.65
PLN-0692,11/1/2023,21/3/2026,Kano,Active,Bank Transfer,39,241135,12056.75
PLN-0693,26/5/2023,2/4/2026,Rivers,Active,Savings Deposit,45,213869,10693.45
PLN-0694,3/4/2026,26/4/2026,Akwa Ibom,New,P2P Transfer,1,43786,2189.3
PLN-0695,8/8/2024,15/11/2025,FCT - Abuja,At-Risk,Loan Disbursement,12,101197,5059.85
PLN-0696,3/4/2026,4/4/2026,Taraba,New,Airtime Top-up,1,33131,1656.55
PLN-0697,3/4/2026,18/4/2026,FCT - Abuja,New,Data Bundle,1,68806,3440.3
PLN-0698,3/4/2026,14/4/2026,Delta,New,P2P Transfer,2,6029,120.58
PLN-0699,16/11/2025,27/11/2025,Jigawa,At-Risk,Airtime Top-up,16,77241,3862.05
PLN-0700,9/3/2024,12/1/2026,Anambra,Active,Data Bundle,43,344755,17237.75
PLN-0701,23/3/2024,29/3/2026,Anambra,Active,Data Bundle,48,462152,23107.6
PLN-0702,10/3/2023,14/3/2026,Rivers,Active,Internet Service,45,147920,7396
PLN-0703,26/9/2021,5/8/2025,Enugu,Churned,Betting Funding,1,12149,607.45
PLN-0704,2/9/2022,5/3/2026,Akwa Ibom,Active,Savings Deposit,40,392736,19636.8
PLN-0705,1/10/2023,11/12/2025,Enugu,At-Risk,Airtime Top-up,10,120341,6017.05
PLN-0706,5/9/2022,6/2/2026,Oyo,Active,Betting Funding,47,254515,12725.75
PLN-0707,23/11/2022,8/11/2024,Anambra,Churned,Merchant Payment,8,9521,190.42
PLN-0708,9/3/2025,26/1/2026,FCT - Abuja,Active,Data Bundle,34,335606,16780.3
PLN-0709,12/10/2023,12/1/2026,Kebbi,Active,Betting Funding,46,298727,14936.35
PLN-0710,25/6/2023,17/10/2025,Kaduna,At-Risk,Cable TV,17,72034,3601.7
PLN-0711,28/2/2024,29/10/2025,Anambra,At-Risk,Data Bundle,25,130366,6518.3
PLN-0712,14/2/2022,14/6/2025,Lagos,Churned,Loan Disbursement,2,17644,882.2
PLN-0713,20/10/2024,30/3/2026,Lagos,Active,Betting Funding,36,156127,7806.35
PLN-0714,3/4/2026,19/4/2026,Anambra,New,Bank Transfer,3,6933,138.66
PLN-0715,3/4/2026,24/4/2026,Kaduna,New,Data Bundle,4,10980,549
PLN-0716,1/12/2022,6/8/2024,Edo,Churned,Airtime Top-up,6,26525,1326.25
PLN-0717,15/1/2023,25/3/2026,Sokoto,Active,Bank Transfer,39,140860,7043
PLN-0718,17/1/2022,9/4/2024,Kaduna,Churned,Electricity Bill,7,6708,134.16
PLN-0719,3/4/2026,27/4/2026,Delta,New,Cable TV,4,14329,716.45
PLN-0720,6/2/2022,25/7/2024,Delta,Churned,Electricity Bill,2,5966,119.32
PLN-0721,6/2/2022,7/4/2024,Delta,Churned,Internet Service,8,12044,602.2
PLN-0722,3/4/2026,28/4/2026,Delta,New,Airtime Top-up,4,42895,2144.75
PLN-0723,8/2/2022,18/1/2025,Rivers,Churned,Betting Funding,6,15324,766.2
PLN-0724,3/4/2026,4/4/2026,FCT - Abuja,New,Airtime Top-up,2,316332,15816.6
PLN-0725,23/12/2021,30/10/2023,Delta,Churned,Electricity Bill,5,18642,932.1
PLN-0726,23/6/2024,4/2/2026,Rivers,Active,Betting Funding,41,181845,9092.25
PLN-0727,24/5/2023,24/2/2026,Nasarawa,Active,Savings Deposit,32,399099,19954.95
PLN-0728,26/9/2022,29/5/2024,Ogun,Churned,Electricity Bill,3,16499,824.95
PLN-0729,3/4/2026,24/4/2026,Delta,New,Bank Transfer,3,5398,107.96
PLN-0730,9/12/2021,20/2/2026,Jigawa,Active,Loan Disbursement,41,327700,16385
PLN-0731,25/9/2024,10/1/2026,Kaduna,Active,Bank Transfer,49,105994,5299.7
PLN-0732,30/10/2022,13/11/2024,FCT - Abuja,Churned,P2P Transfer,3,11209,560.45
PLN-0733,28/10/2023,29/8/2024,Oyo,Churned,Airtime Top-up,8,25169,1258.45
PLN-0734,8/1/2024,15/11/2025,Oyo,At-Risk,Merchant Payment,14,47326,2366.3
PLN-0735,5/12/2021,10/1/2025,Bayelsa,Churned,Airtime Top-up,2,13558,677.9
PLN-0736,25/11/2021,22/1/2026,Delta,Active,Betting Funding,36,355779,17788.95
PLN-0737,3/4/2026,11/4/2026,Kano,New,Cable TV,2,9890,197.8
PLN-0738,14/2/2024,12/6/2025,FCT - Abuja,Churned,Data Bundle,7,14378,718.9
PLN-0739,17/5/2022,27/11/2024,Zamfara,Churned,Data Bundle,3,11959,597.95
PLN-0740,9/8/2024,29/3/2026,Lagos,Active,Savings Deposit,37,204692,10234.6
PLN-0741,18/9/2022,28/3/2026,Jigawa,Active,Loan Disbursement,37,425584,21279.2
PLN-0742,22/2/2025,5/1/2026,Lagos,Active,P2P Transfer,33,259969,12998.45
PLN-0743,2/6/2022,11/3/2025,Enugu,Churned,Airtime Top-up,5,18483,924.15
PLN-0744,29/7/2022,17/9/2025,Oyo,Churned,Airtime Top-up,7,19603,980.15
PLN-0745,3/11/2024,9/3/2026,Kaduna,Active,Bank Transfer,49,242229,12111.45
PLN-0746,23/9/2025,1/12/2025,FCT - Abuja,At-Risk,Loan Repayment,21,143283,7164.15
PLN-0747,17/12/2022,17/11/2025,Rivers,At-Risk,Loan Disbursement,26,123020,6151
PLN-0748,27/6/2021,29/3/2025,Delta,Churned,Betting Funding,4,16905,845.25
PLN-0749,2/11/2021,26/1/2026,Adamawa,Active,Bank Transfer,39,274886,13744.3
PLN-0750,23/10/2023,7/10/2024,Taraba,Churned,Airtime Top-up,5,8239,164.78
PLN-0751,16/2/2025,2/3/2026,Osun,Active,P2P Transfer,42,115448,5772.4
PLN-0752,21/3/2024,15/11/2025,Oyo,At-Risk,Betting Funding,14,41507,2075.35
PLN-0753,3/4/2026,11/4/2026,Kano,New,Airtime Top-up,4,32004,1600.2
PLN-0754,12/4/2023,3/7/2024,Anambra,Churned,Cable TV,3,7275,145.5
PLN-0755,13/12/2022,17/3/2026,Oyo,Active,Bank Transfer,39,460989,23049.45
PLN-0756,3/4/2026,8/4/2026,Delta,New,Betting Funding,2,42114,2105.7
PLN-0757,30/6/2022,16/3/2026,Kano,Active,Electricity Bill,30,267084,13354.2
PLN-0758,14/3/2026,13/4/2026,Lagos,At-Risk,P2P Transfer,18,49917,2495.85
PLN-0759,16/3/2024,5/4/2024,FCT - Abuja,Churned,Airtime Top-up,5,20344,1017.2
PLN-0760,20/4/2021,3/10/2024,Lagos,Churned,Merchant Payment,2,23049,1152.45
PLN-0761,7/3/2026,19/3/2026,Oyo,At-Risk,P2P Transfer,15,141690,7084.5
PLN-0762,30/10/2023,10/2/2026,FCT - Abuja,Active,Merchant Payment,30,241483,12074.15
PLN-0763,19/7/2024,8/3/2026,Yobe,Active,Loan Disbursement,32,192839,9641.95
PLN-0764,7/3/2025,24/11/2025,Kano,At-Risk,Bank Transfer,24,146337,7316.85
PLN-0765,7/8/2021,11/9/2024,Adamawa,Churned,Electricity Bill,6,13415,670.75
PLN-0766,28/7/2023,27/8/2025,Katsina,Churned,Merchant Payment,2,15298,764.9
PLN-0767,6/12/2021,25/1/2026,Oyo,Active,Merchant Payment,42,403108,20155.4
PLN-0768,12/11/2021,25/2/2026,Bayelsa,Active,Airtime Top-up,44,308687,15434.35
PLN-0769,15/10/2024,25/2/2026,Kwara,Active,Electricity Bill,49,128598,6429.9
PLN-0770,8/1/2023,5/7/2025,Ondo,Churned,Cable TV,2,6390,127.8
PLN-0771,24/4/2023,10/2/2026,Anambra,Active,Savings Deposit,40,437859,21892.95
PLN-0772,18/4/2021,4/2/2026,Kaduna,Active,Savings Deposit,32,231115,11555.75
PLN-0773,1/1/2025,19/3/2026,Kaduna,Active,Bank Transfer,32,159855,7992.75
PLN-0774,18/5/2023,30/4/2024,Lagos,Churned,Airtime Top-up,3,12908,645.4
PLN-0775,29/2/2024,12/10/2025,Lagos,At-Risk,Merchant Payment,14,51249,2562.45
PLN-0776,31/7/2025,26/11/2025,Lagos,At-Risk,P2P Transfer,24,67851,3392.55
PLN-0777,23/10/2024,14/1/2026,Imo,Active,Cable TV,38,106400,5320
PLN-0778,3/6/2022,30/1/2026,Oyo,Active,Electricity Bill,37,213704,10685.2
PLN-0779,9/2/2022,17/1/2026,FCT - Abuja,Active,Merchant Payment,30,228300,11415
PLN-0780,3/4/2026,5/4/2026,Rivers,New,P2P Transfer,2,19932,996.6
PLN-0781,31/7/2024,20/1/2026,Lagos,Active,Bank Transfer,49,256469,12823.45
PLN-0782,3/4/2026,25/4/2026,Delta,New,Loan Repayment,3,78483,3924.15
PLN-0783,28/11/2022,2/10/2024,Rivers,Churned,Savings Deposit,1,3551,71.02
PLN-0784,3/4/2026,17/4/2026,Lagos,New,Merchant Payment,1,38882,1944.1
PLN-0785,6/2/2025,13/11/2025,Anambra,At-Risk,P2P Transfer,26,57504,2875.2
PLN-0786,21/10/2022,31/12/2023,Anambra,Churned,Betting Funding,2,16348,817.4
PLN-0787,21/5/2022,25/7/2024,Zamfara,Churned,Data Bundle,6,9008,180.16
PLN-0788,18/9/2024,21/1/2026,Oyo,Active,Savings Deposit,45,372475,18623.75
PLN-0789,3/4/2026,26/4/2026,Kano,New,Merchant Payment,3,212575,10628.75
PLN-0790,28/4/2022,7/3/2025,Delta,Churned,Cable TV,7,383317,19165.85
PLN-0791,21/8/2021,9/3/2026,Rivers,Active,Cable TV,39,233388,11669.4
PLN-0792,20/6/2024,4/1/2026,Rivers,At-Risk,Cable TV,13,119893,5994.65
PLN-0793,3/4/2026,9/4/2026,Niger,New,Data Bundle,2,43821,2191.05
PLN-0794,17/5/2025,31/12/2025,Kano,At-Risk,Loan Disbursement,14,93110,4655.5
PLN-0795,3/4/2026,29/4/2026,FCT - Abuja,New,Betting Funding,4,7842,156.84
PLN-0796,8/4/2024,28/10/2025,Rivers,At-Risk,Loan Repayment,10,57297,2864.85
PLN-0797,24/5/2023,30/7/2025,Rivers,Churned,Data Bundle,3,9690,193.8
PLN-0798,12/2/2022,19/4/2025,Jigawa,Churned,Betting Funding,7,6640,132.8
PLN-0799,15/5/2023,17/11/2024,Oyo,Churned,Airtime Top-up,1,9396,187.92
PLN-0800,17/6/2023,27/11/2025,Lagos,At-Risk,Savings Deposit,16,98825,4941.25
PLN-0801,21/1/2022,3/7/2025,Kwara,Churned,Airtime Top-up,8,453054,22652.7
PLN-0802,28/8/2024,4/11/2025,Lagos,At-Risk,Loan Repayment,26,70679,3533.95
PLN-0803,3/4/2026,25/4/2026,Kano,New,Betting Funding,2,27394,1369.7
PLN-0804,17/6/2022,1/10/2025,Anambra,Churned,P2P Transfer,5,1942,38.84
PLN-0805,23/8/2024,30/12/2025,Adamawa,At-Risk,Bank Transfer,13,98233,4911.65
PLN-0806,1/2/2023,21/12/2023,FCT - Abuja,Churned,Electricity Bill,4,11014,550.7
PLN-0807,20/12/2023,24/12/2023,Lagos,Churned,Loan Repayment,5,5392,107.84
PLN-0808,21/5/2022,23/6/2025,Rivers,Churned,Airtime Top-up,4,18277,913.85
PLN-0809,29/3/2024,19/12/2024,Anambra,Churned,Data Bundle,4,6112,122.24
PLN-0810,30/5/2022,19/12/2025,Lagos,At-Risk,Data Bundle,10,91700,4585
PLN-0811,18/1/2025,12/2/2026,Anambra,Active,Loan Disbursement,35,469454,23472.7
PLN-0812,8/9/2021,13/1/2024,FCT - Abuja,Churned,Betting Funding,6,10738,536.9
PLN-0813,3/4/2026,3/5/2026,Ebonyi,New,Loan Disbursement,4,74921,3746.05
PLN-0814,25/8/2022,7/11/2025,Bauchi,At-Risk,Electricity Bill,19,119715,5985.75
PLN-0815,3/4/2026,1/5/2026,Ogun,New,Cable TV,3,48138,2406.9
PLN-0816,29/5/2023,7/11/2024,Lagos,Churned,Data Bundle,8,449212,22460.6
PLN-0817,3/4/2026,28/4/2026,Oyo,New,Data Bundle,3,79725,3986.25
PLN-0818,10/2/2024,18/6/2025,Borno,Churned,Electricity Bill,6,18723,936.15
PLN-0819,27/3/2024,13/11/2025,Lagos,At-Risk,Electricity Bill,17,111379,5568.95
PLN-0820,11/5/2023,8/3/2026,Kano,Active,Savings Deposit,48,326045,16302.25
PLN-0821,10/3/2022,6/2/2025,Abia,Churned,Betting Funding,3,22212,1110.6
PLN-0822,3/4/2026,22/4/2026,Edo,New,P2P Transfer,4,43147,2157.35
PLN-0823,3/4/2026,23/4/2026,Rivers,New,Data Bundle,1,78672,3933.6
PLN-0824,7/9/2022,5/7/2025,Anambra,Churned,Betting Funding,4,27272,1363.6
PLN-0825,3/4/2026,8/4/2026,Rivers,New,Electricity Bill,2,59872,2993.6
PLN-0826,29/2/2024,6/1/2026,Nasarawa,Active,Airtime Top-up,40,257147,12857.35
PLN-0827,3/4/2026,26/4/2026,Anambra,New,Electricity Bill,3,12203,610.15
PLN-0828,3/4/2026,13/4/2026,Sokoto,New,Bank Transfer,1,48894,2444.7
PLN-0829,5/12/2022,3/10/2024,Lagos,Churned,Data Bundle,2,28721,1436.05
PLN-0830,18/2/2023,4/1/2024,Rivers,Churned,Electricity Bill,6,23823,1191.15
PLN-0831,22/5/2022,6/6/2024,Gombe,Churned,Data Bundle,3,6667,133.34
PLN-0832,20/8/2025,29/11/2025,Lagos,At-Risk,Loan Repayment,14,208235,10411.75
PLN-0833,28/6/2022,19/5/2025,Kano,Churned,Data Bundle,2,4996,99.92
PLN-0834,30/1/2023,26/1/2024,Oyo,Churned,Electricity Bill,7,20922,1046.1
PLN-0835,2/9/2025,20/11/2025,Lagos,At-Risk,Electricity Bill,17,54352,2717.6
PLN-0836,8/6/2022,10/5/2024,Delta,Churned,Bank Transfer,5,13962,698.1
PLN-0837,8/2/2023,1/2/2026,Sokoto,Active,Bank Transfer,41,159330,7966.5
PLN-0838,4/2/2024,14/4/2024,Oyo,Churned,Cable TV,5,15735,786.75
PLN-0839,22/2/2025,13/1/2026,Borno,Active,Airtime Top-up,32,458651,22932.55
PLN-0840,24/7/2021,19/2/2026,Oyo,Active,Electricity Bill,47,105653,5282.65
PLN-0841,10/6/2023,31/7/2024,Lagos,Churned,Cable TV,6,26656,1332.8
PLN-0842,15/7/2022,28/11/2024,Delta,Churned,Electricity Bill,5,2512,50.24
PLN-0843,22/5/2022,11/12/2024,Lagos,Churned,P2P Transfer,1,9898,197.96
PLN-0844,23/8/2023,20/1/2025,Imo,Churned,Bank Transfer,3,20678,1033.9
PLN-0845,20/5/2021,12/3/2026,Kano,Active,Savings Deposit,48,487431,24371.55
PLN-0846,25/12/2023,7/10/2025,Oyo,At-Risk,Bank Transfer,17,93559,4677.95
PLN-0847,3/4/2026,23/4/2026,Kano,New,Data Bundle,2,65504,3275.2
PLN-0848,16/12/2021,23/12/2023,Gombe,Churned,P2P Transfer,3,7409,148.18
PLN-0849,6/12/2023,21/12/2025,Oyo,At-Risk,Electricity Bill,11,51967,2598.35
PLN-0850,3/4/2026,21/4/2026,Rivers,New,Airtime Top-up,2,50281,2514.05
PLN-0851,24/7/2022,17/7/2024,Kano,Churned,Cable TV,1,9963,199.26
PLN-0852,3/4/2026,5/4/2026,Plateau,New,Data Bundle,1,70137,3506.85
PLN-0853,3/4/2026,12/4/2026,Lagos,New,Cable TV,3,35932,1796.6
PLN-0854,25/10/2023,10/10/2025,Bayelsa,At-Risk,Electricity Bill,17,126247,6312.35
PLN-0855,8/1/2024,4/4/2025,Ekiti,Churned,Bank Transfer,6,204443,10222.15
PLN-0856,4/10/2024,21/3/2026,FCT - Abuja,Active,P2P Transfer,44,284295,14214.75
PLN-0857,4/9/2023,23/3/2026,Ekiti,Active,POS Withdrawal,31,411499,20574.95
PLN-0858,7/1/2024,5/6/2025,Rivers,Churned,Betting Funding,2,28563,1428.15
PLN-0859,31/7/2023,30/3/2025,FCT - Abuja,Churned,Cable TV,2,23295,1164.75
PLN-0860,1/5/2021,4/2/2026,Ogun,Active,Savings Deposit,38,323862,16193.1
PLN-0861,2/5/2024,26/12/2025,Rivers,At-Risk,Internet Service,18,131856,6592.8
PLN-0862,16/6/2022,2/12/2025,Taraba,At-Risk,Airtime Top-up,15,87747,4387.35
PLN-0863,1/1/2026,17/1/2026,Kano,At-Risk,Betting Funding,13,48857,2442.85
PLN-0864,5/3/2023,6/2/2026,Delta,Active,P2P Transfer,38,236916,11845.8
PLN-0865,5/9/2023,2/11/2025,Ondo,At-Risk,Betting Funding,14,115572,5778.6
PLN-0866,27/2/2023,7/10/2025,Lagos,At-Risk,Merchant Payment,20,148570,7428.5
PLN-0867,28/12/2021,3/6/2024,Benue,Churned,Betting Funding,7,13735,686.75
PLN-0868,14/3/2022,2/10/2025,Oyo,Churned,Electricity Bill,7,23085,1154.25
PLN-0869,3/4/2026,14/4/2026,Zamfara,New,Cable TV,3,53009,2650.45
PLN-0870,17/2/2024,22/11/2025,Bauchi,At-Risk,Betting Funding,12,140255,7012.75
PLN-0871,6/6/2022,29/3/2026,Ogun,Active,Loan Repayment,42,446414,22320.7
PLN-0872,17/5/2023,3/10/2024,Kano,Churned,Airtime Top-up,8,3280,65.6
PLN-0873,5/12/2021,31/3/2026,Lagos,Active,Cable TV,48,225034,11251.7
PLN-0874,10/12/2022,28/10/2025,Rivers,At-Risk,Merchant Payment,24,229388,11469.4
PLN-0875,15/7/2023,8/12/2025,Katsina,At-Risk,Cable TV,26,90079,4503.95
PLN-0876,27/10/2023,9/2/2025,Oyo,Churned,Bank Transfer,2,1708,34.16
PLN-0877,3/4/2026,5/4/2026,Kwara,New,Merchant Payment,2,226192,11309.6
PLN-0878,11/11/2024,15/1/2026,Ebonyi,Active,Bank Transfer,35,409876,20493.8
PLN-0879,6/5/2021,14/1/2024,Kano,Churned,Merchant Payment,4,2567,51.34
PLN-0880,3/4/2026,16/4/2026,Delta,New,P2P Transfer,3,16333,816.65
PLN-0881,3/4/2026,10/4/2026,Lagos,New,Airtime Top-up,1,78236,3911.8
PLN-0882,8/10/2023,16/4/2025,FCT - Abuja,Churned,Electricity Bill,6,18634,931.7
PLN-0883,15/5/2022,13/1/2026,Lagos,Active,Electricity Bill,49,297200,14860
PLN-0884,29/8/2022,12/3/2026,Kebbi,Active,Electricity Bill,32,470535,23526.75
PLN-0885,3/4/2026,19/4/2026,FCT - Abuja,New,Data Bundle,2,27521,1376.05
PLN-0886,26/9/2021,12/3/2026,Enugu,Active,Betting Funding,49,294372,14718.6
PLN-0887,5/12/2024,24/2/2026,FCT - Abuja,Active,Internet Service,41,323542,16177.1
PLN-0888,3/4/2026,15/4/2026,Kaduna,New,Airtime Top-up,2,61345,3067.25
PLN-0889,8/12/2024,15/3/2026,Ogun,Active,Bank Transfer,45,360841,18042.05
PLN-0890,17/3/2022,18/12/2024,Anambra,Churned,Savings Deposit,4,14743,737.15
PLN-0891,20/8/2025,22/12/2025,Benue,At-Risk,Electricity Bill,11,100432,5021.6
PLN-0892,6/4/2021,4/3/2026,Kano,Active,Savings Deposit,44,410748,20537.4
PLN-0893,3/4/2026,28/4/2026,FCT - Abuja,New,Data Bundle,1,43246,2162.3
PLN-0894,22/6/2021,6/3/2026,Lagos,Active,Electricity Bill,32,346934,17346.7
PLN-0895,18/11/2023,15/1/2026,Lagos,Active,Savings Deposit,44,193355,9667.75
PLN-0896,18/1/2024,2/1/2025,Ogun,Churned,P2P Transfer,4,11506,575.3
PLN-0897,22/8/2024,3/2/2026,Rivers,Active,Loan Repayment,44,319269,15963.45
PLN-0898,1/10/2023,22/12/2023,Imo,Churned,P2P Transfer,3,19443,972.15
PLN-0899,3/4/2026,1/5/2026,Kano,New,Bank Transfer,2,78039,3901.95
PLN-0900,24/7/2022,4/12/2025,FCT - Abuja,At-Risk,POS Withdrawal,17,72899,3644.95
PLN-0901,3/4/2026,22/4/2026,Lagos,New,Data Bundle,1,55258,2762.9
PLN-0902,22/4/2023,1/9/2025,Cross River,Churned,Cable TV,7,17903,895.15
PLN-0903,11/8/2024,30/1/2026,Lagos,Active,Savings Deposit,37,143563,7178.15
PLN-0904,3/4/2026,15/4/2026,Lagos,New,Data Bundle,3,31834,1591.7
PLN-0905,22/12/2024,6/10/2025,Anambra,At-Risk,Internet Service,24,142449,7122.45
PLN-0906,14/2/2023,18/12/2025,Rivers,At-Risk,Electricity Bill,22,54241,2712.05
PLN-0907,31/12/2021,2/1/2024,Rivers,Churned,Bank Transfer,2,13111,655.55
PLN-0908,25/4/2024,1/12/2025,FCT - Abuja,At-Risk,Merchant Payment,29,101098,5054.9
PLN-0909,28/7/2021,27/10/2024,Ogun,Churned,Savings Deposit,1,17366,868.3
PLN-0910,27/8/2022,16/2/2026,Lagos,Active,Cable TV,44,392116,19605.8
PLN-0911,31/5/2023,8/3/2026,Lagos,Active,Electricity Bill,34,275599,13779.95
PLN-0912,3/4/2026,1/5/2026,Kogi,New,Data Bundle,2,30048,1502.4
PLN-0913,26/12/2022,29/12/2025,Oyo,At-Risk,Cable TV,12,78865,3943.25
PLN-0914,5/10/2023,25/1/2026,Rivers,Active,Merchant Payment,47,253230,12661.5
PLN-0915,11/3/2023,30/7/2025,Lagos,Churned,Data Bundle,4,29725,1486.25
PLN-0916,20/2/2024,25/3/2026,Ogun,Active,Cable TV,33,186384,9319.2
PLN-0917,3/4/2026,24/4/2026,Ogun,New,Loan Disbursement,1,38926,1946.3
PLN-0918,16/7/2022,12/11/2025,FCT - Abuja,At-Risk,Bank Transfer,24,126693,6334.65
PLN-0919,3/4/2026,30/4/2026,Kaduna,New,Betting Funding,3,54461,2723.05
PLN-0920,7/2/2024,11/10/2025,Kano,At-Risk,Cable TV,26,140350,7017.5
PLN-0921,3/4/2026,9/4/2026,Taraba,New,Betting Funding,3,30224,1511.2
PLN-0922,26/12/2023,17/2/2026,Anambra,Active,P2P Transfer,39,339036,16951.8
PLN-0923,2/7/2022,2/4/2025,Kwara,Churned,Betting Funding,3,28003,1400.15
PLN-0924,17/7/2023,20/3/2026,Kano,Active,Data Bundle,31,266003,13300.15
PLN-0925,26/2/2024,30/3/2026,Kano,Active,Internet Service,40,280274,14013.7
PLN-0926,2/12/2022,3/6/2025,Bauchi,Churned,Loan Repayment,1,13756,687.8
PLN-0927,3/4/2026,4/4/2026,FCT - Abuja,New,Loan Repayment,3,39239,1961.95
PLN-0928,3/4/2026,25/4/2026,Niger,New,Airtime Top-up,2,74586,3729.3
PLN-0929,25/5/2024,1/2/2026,Lagos,Active,Bank Transfer,31,173097,8654.85
PLN-0930,5/3/2024,22/2/2025,Lagos,Churned,Cable TV,8,12211,610.55
PLN-0931,31/1/2023,20/2/2025,Gombe,Churned,Cable TV,5,482283,24114.15
PLN-0932,3/4/2026,16/4/2026,Anambra,New,Loan Repayment,2,64786,3239.3
PLN-0933,3/4/2026,16/4/2026,Rivers,New,Airtime Top-up,2,56551,2827.55
PLN-0934,9/12/2024,8/11/2025,Kebbi,At-Risk,Merchant Payment,27,41481,2074.05
PLN-0935,20/1/2023,9/11/2025,Taraba,At-Risk,Electricity Bill,19,51468,2573.4
PLN-0936,3/4/2026,30/4/2026,Oyo,New,Savings Deposit,1,19327,966.35
PLN-0937,3/4/2026,3/5/2026,Kano,New,Electricity Bill,4,343303,17165.15
PLN-0938,30/9/2021,18/5/2025,FCT - Abuja,Churned,Electricity Bill,4,6595,131.9
PLN-0939,3/4/2026,30/4/2026,Kano,New,Bank Transfer,3,65262,3263.1
PLN-0940,26/2/2025,1/3/2026,Oyo,Active,Merchant Payment,39,435835,21791.75
PLN-0941,3/4/2026,9/4/2026,Oyo,New,POS Withdrawal,4,345341,17267.05
PLN-0942,19/9/2022,30/9/2024,FCT - Abuja,Churned,Cable TV,8,19032,951.6
PLN-0943,3/4/2026,7/4/2026,Lagos,New,Airtime Top-up,3,67677,3383.85
PLN-0944,9/9/2021,9/5/2025,Lagos,Churned,Airtime Top-up,6,15607,780.35
PLN-0945,9/5/2024,12/11/2025,Oyo,At-Risk,POS Withdrawal,21,36385,1819.25
PLN-0946,10/7/2023,1/1/2024,Akwa Ibom,Churned,Electricity Bill,3,25557,1277.85
PLN-0947,3/4/2026,1/5/2026,Ogun,New,P2P Transfer,3,36080,1804
PLN-0948,2/8/2023,11/5/2025,Rivers,Churned,Electricity Bill,1,4987,99.74
PLN-0949,16/12/2024,15/12/2025,FCT - Abuja,At-Risk,P2P Transfer,13,58557,2927.85
PLN-0950,3/4/2026,26/4/2026,Lagos,New,Merchant Payment,1,55202,2760.1
PLN-0951,3/4/2026,15/4/2026,Kano,New,POS Withdrawal,3,48022,2401.1
PLN-0952,9/10/2021,20/10/2024,Adamawa,Churned,Airtime Top-up,3,23761,1188.05
PLN-0953,15/3/2023,5/1/2026,Lagos,Active,Bank Transfer,34,460734,23036.7
PLN-0954,19/12/2024,5/1/2026,Akwa Ibom,Active,Bank Transfer,33,453889,22694.45
PLN-0955,8/12/2021,9/1/2026,Lagos,Active,P2P Transfer,46,410995,20549.75
PLN-0956,12/9/2024,8/1/2026,Lagos,Active,Betting Funding,30,495601,24780.05
PLN-0957,6/6/2023,15/3/2025,Lagos,Churned,Merchant Payment,3,22474,1123.7
PLN-0958,3/4/2026,15/4/2026,Benue,New,Electricity Bill,3,21544,1077.2
PLN-0959,11/6/2023,28/7/2025,Lagos,Churned,Airtime Top-up,2,27356,1367.8
PLN-0960,19/1/2023,26/2/2026,Taraba,Active,Bank Transfer,35,495322,24766.1
PLN-0961,9/1/2025,29/1/2026,FCT - Abuja,Active,Merchant Payment,45,292132,14606.6
PLN-0962,27/1/2023,17/2/2026,FCT - Abuja,Active,Bank Transfer,42,322346,16117.3
PLN-0963,3/4/2026,18/4/2026,Bauchi,New,Cable TV,1,68621,3431.05
PLN-0964,13/11/2022,25/8/2025,Rivers,Churned,Data Bundle,2,11251,562.55
PLN-0965,26/6/2023,2/11/2023,FCT - Abuja,Churned,Merchant Payment,8,7901,158.02
PLN-0966,20/2/2022,26/3/2026,Lagos,Active,Merchant Payment,45,456060,22803
PLN-0967,6/8/2022,26/8/2024,Lagos,Churned,Airtime Top-up,8,17626,881.3
PLN-0968,20/3/2026,24/3/2026,FCT - Abuja,At-Risk,Airtime Top-up,15,38481,1924.05
PLN-0969,3/4/2026,7/4/2026,FCT - Abuja,New,Betting Funding,2,56166,2808.3
PLN-0970,16/3/2024,30/12/2024,Anambra,Churned,Data Bundle,7,12168,608.4
PLN-0971,2/7/2024,30/11/2025,Lagos,At-Risk,Electricity Bill,14,130663,6533.15
PLN-0972,19/4/2024,17/3/2026,Ekiti,Active,Cable TV,30,152220,7611
PLN-0973,14/8/2022,12/3/2026,Lagos,Active,Merchant Payment,42,416976,20848.8
PLN-0974,21/5/2024,25/3/2026,FCT - Abuja,Active,Merchant Payment,46,358048,17902.4
PLN-0975,11/6/2025,2/12/2025,Delta,At-Risk,Bank Transfer,27,75038,3751.9
PLN-0976,7/1/2023,22/7/2024,Imo,Churned,Data Bundle,2,13070,653.5
PLN-0977,26/4/2021,12/3/2026,Rivers,Active,Savings Deposit,47,445721,22286.05
PLN-0978,1/1/2023,18/12/2025,Bauchi,At-Risk,Cable TV,19,123811,6190.55
PLN-0979,29/7/2024,26/10/2025,Delta,At-Risk,P2P Transfer,27,105000,5250
PLN-0980,29/7/2022,1/3/2026,Anambra,Active,Data Bundle,45,409877,20493.85
PLN-0981,3/4/2026,5/4/2026,Rivers,New,Betting Funding,1,392104,19605.2
PLN-0982,5/4/2024,13/1/2026,Rivers,Active,Data Bundle,40,299530,14976.5
PLN-0983,15/11/2023,12/10/2025,Rivers,At-Risk,Bank Transfer,17,62455,3122.75
PLN-0984,11/3/2022,27/11/2024,Delta,Churned,Bank Transfer,2,11562,578.1
PLN-0985,17/10/2023,30/7/2024,Anambra,Churned,POS Withdrawal,7,446258,22312.9
PLN-0986,7/11/2024,16/11/2025,Oyo,At-Risk,Merchant Payment,20,105043,5252.15
PLN-0987,18/10/2022,30/1/2026,Anambra,Active,Data Bundle,46,449903,22495.15
PLN-0988,5/12/2024,2/11/2025,FCT - Abuja,At-Risk,Airtime Top-up,12,140150,7007.5
PLN-0989,21/12/2022,23/10/2025,Adamawa,At-Risk,Bank Transfer,22,135460,6773
PLN-0990,3/4/2026,22/4/2026,Cross River,New,Data Bundle,3,36330,1816.5
PLN-0991,4/2/2022,25/3/2026,FCT - Abuja,Active,Merchant Payment,50,258254,12912.7
PLN-0992,25/6/2025,12/11/2025,Kano,At-Risk,Savings Deposit,22,62933,3146.65
PLN-0993,26/10/2023,1/4/2026,FCT - Abuja,Active,Cable TV,50,468748,23437.4
PLN-0994,11/11/2022,14/6/2024,Anambra,Churned,Betting Funding,5,21403,1070.15
PLN-0995,17/2/2023,24/10/2025,Kano,At-Risk,Airtime Top-up,11,98454,4922.7
PLN-0996,19/8/2021,2/12/2024,Ekiti,Churned,P2P Transfer,7,13943,697.15
PLN-0997,13/12/2022,10/2/2026,FCT - Abuja,Active,Betting Funding,38,250494,12524.7
PLN-0998,11/12/2024,21/12/2025,Kano,At-Risk,Cable TV,14,362812,18140.6
PLN-0999,23/5/2023,14/10/2025,Lagos,At-Risk,Airtime Top-up,11,56475,2823.75
PLN-1000,3/4/2026,21/4/2026,Oyo,New,Bank Transfer,2,6035,120.7